序號,縣市,鄉鎮市區,測站,監測日期,測項(單位),0,1,2,3,4,5,6,7,8,9,10,11,12,13,14,15,16,17,18,19,20,21,22,23
1,桃園市,觀音區,觀音,2016/7/31,二氧化硫 SO2 (ppb),1.6,2.6,2.3,2.7,3.3,2.7,3.1,3.7,3.2,3.6,2.9,2,2.6,2.6,1.9,2.7,4,3.7,4.2,5.3,5,4.2,4.5,4.6
2,桃園市,觀音區,觀音,2016/7/31,二氧化氮 NO2 (ppb),12,12,9.8,9.7,13,12,13,11,,5.3,5.1,,3.9,3.4,2.3,3.2,4.5,8.2,11,14,11,8.1,15,11
3,桃園市,觀音區,觀音,2016/7/31,相對濕度 RH (percent),71,72,74,74,74,76,75,71,65,67,69,73,72,69,72,72,74,66,67,72,71,70,71,67
4,桃園市,觀音區,觀音,2016/7/31,一氧化碳 CO (ppm),0.2,0.23,0.19,0.18,0.19,0.19,0.21,0.22,0.18,0.12,0.09,0.09,0.09,0.08,0.07,0.07,0.09,0.13,0.13,0.14,0.11,0.11,0.13,0.15
5,桃園市,觀音區,觀音,2016/7/31,臭氧 O3 (ppb),14,13,15,14,12,11,13,20,25,24,23,22,19,19,19,18,18,16,12,8.8,12,14,6.3,9.6
6,桃園市,觀音區,觀音,2016/7/31,懸浮微粒 PM 10  (μg/m 3 ),37,32,32,32,29,28,31,41,52,48,47,,43,55,62,72,76,67,58,43,37,36,35,30
7,桃園市,觀音區,觀音,2016/7/31,氮氧化物 NOx (ppb),12,12,10,10,13,13,15,14,,7.4,7.3,,6.4,6,4.1,5.3,7.2,12,15,18,14,9.5,21,14
8,桃園市,觀音區,觀音,2016/7/31,風速 WIND_SPEED (m/sec),3,2,1.8,1.4,1.3,2,2.3,3.5,6.3,4.8,7.9,7,8.3,9.3,9.5,8.9,8.2,8.1,8.5,8.4,12,9.2,6.9,8.9
9,桃園市,觀音區,觀音,2016/7/31,溫度 AMB_TEMP (℃),29,29,29,29,29,28,29,30,32,33,33,32,33,33,33,32,32,32,31,31,31,31,30,31
10,桃園市,觀音區,觀音,2016/7/31,風向 WIND_DIREC (degrees),87,85,93,75,89,94,90,83,85,62,49,65,55,53,57,55,58,74,79,77,81,82,78,81
11,桃園市,觀音區,觀音,2016/7/31,小時風速值 WS_HR (m/sec),2.9,2.4,2.2,1.4,1.5,1.3,2.1,3,4.7,4.7,6,6.8,7.6,8.5,9,8.9,8.2,7.5,8.2,7.9,9.7,11,6.9,7.7
12,桃園市,觀音區,觀音,2016/7/31,酸雨 PH_RAIN (pH),0,0,0,0,0,0,0,0,0,0,0,0,0,0,0,0,0,0,0,0,0,0,0,0
13,桃園市,觀音區,觀音,2016/7/31,導電度 RAIN_COND (μmho/cm),0,0,0,0,0,0,0,0,0,0,0,0,0,0,0,0,0,0,0,0,0,0,0,0
14,桃園市,觀音區,觀音,2016/7/31,降雨強度 RAIN_INT (㎜),0,0,0,0,0,0,0,0,0,0,0,0,0,0,0,0,0,0,0,0,0,0,0,0
15,桃園市,觀音區,觀音,2016/7/31,小時風向值 WD_HR (degrees),86,87,87,82,90,94,87,84,86,64,53,52,56,54,53,54,58,74,81,80,80,81,80,81
16,桃園市,觀音區,觀音,2016/7/31,一氧化氮 NO (ppb),0.4,0.3,0.4,0.6,0.5,0.9,2.4,3.1,,2.1,2.2,,2.6,2.5,1.8,2.1,2.8,3.7,3.4,4.2,2.8,1.4,5.7,3.1
17,桃園市,觀音區,觀音,2016/7/31,細懸浮微粒 PM 2.5  (μg/m 3 ),12,14,15,14,12,8,13,16,20,21,20,0#,18,20,15,15,11,17,12,11,9,13,12,8
18,桃園市,觀音區,觀音,2016/7/30,二氧化硫 SO2 (ppb),4.2,2.6,3.3,3.9,3.7,4.1,4.5,4.6,3.3,4.7,3.5,4.3,4,2.9,3.7,3.4,3.4,4.9,4.3,4.2,5.1,5.3,6.4,1.9
19,桃園市,觀音區,觀音,2016/7/30,二氧化氮 NO2 (ppb),19,13,14,16,20,17,14,8.6,7.7,10,9.2,7.6,5.2,4.2,6.5,7.2,7.3,11,16,18,23,24,16,11
20,桃園市,觀音區,觀音,2016/7/30,相對濕度 RH (percent),85,84,83,84,86,85,82,78,72,69,66,65,68,71,65,64,67,58,61,63,68,69,69,69
21,桃園市,觀音區,觀音,2016/7/30,一氧化碳 CO (ppm),0.34,0.29,0.26,0.26,0.27,0.29,0.28,0.23,0.2,0.23,0.24,0.22,0.22,0.17,0.11,0.1,0.11,0.18,0.24,0.21,0.2,0.18,0.18,0.21
22,桃園市,觀音區,觀音,2016/7/30,臭氧 O3 (ppb),20,20,22,18,11,16,22,37,48,56,72,86,78,56,26,20,19,21,15,12,6.1,6.3,13,16
23,桃園市,觀音區,觀音,2016/7/30,懸浮微粒 PM 10  (μg/m 3 ),68,73,63,59,65,59,69,64,61,51,53,54,62,52,51,48,54,50,45,36,35,33,38,39
24,桃園市,觀音區,觀音,2016/7/30,氮氧化物 NOx (ppb),19,14,14,17,22,19,16,9.8,8.6,12,10,8.2,5.6,4.6,8.2,10,10,14,18,20,29,31,17,12
25,桃園市,觀音區,觀音,2016/7/30,風速 WIND_SPEED (m/sec),1.8,1.3,1.1,0.9,0.7,0.9,1.3,1.2,1.7,2.3,4.1,4.5,4.5,6.3,6.1,6.9,6.3,5.6,4.7,5.3,5,7.1,3.9,3
26,桃園市,觀音區,觀音,2016/7/30,溫度 AMB_TEMP (℃),29,28,28,28,28,28,29,30,31,32,33,33,32,32,34,33,33,33,32,31,30,30,30,29
27,桃園市,觀音區,觀音,2016/7/30,風向 WIND_DIREC (degrees),205,219,199,172,172,176,187,116,57,58,51,54,56,50,60,52,49,84,81,79,75,78,87,87
28,桃園市,觀音區,觀音,2016/7/30,小時風速值 WS_HR (m/sec),1.4,1,1.1,1,0.9,1.2,1.2,0.9,0.9,1.2,1.6,2.6,4.3,5.2,6.2,6.4,6,5.5,5.7,6.2,5,6,5.3,3.7
29,桃園市,觀音區,觀音,2016/7/30,酸雨 PH_RAIN (pH),0,0,0,0,0,0,0,0,0,0,0,0,0,0,0,0,0,0,0,0,0,0,0,0
30,桃園市,觀音區,觀音,2016/7/30,導電度 RAIN_COND (μmho/cm),0,0,0,0,0,0,0,0,0,0,0,0,0,0,0,0,0,0,0,0,0,0,0,0
31,桃園市,觀音區,觀音,2016/7/30,降雨強度 RAIN_INT (㎜),0,0,0,0,0,0,0,0,0,0,0,0,0,0,0,0,0,0,0,0,0,0,0,0
32,桃園市,觀音區,觀音,2016/7/30,小時風向值 WD_HR (degrees),208,232,206,183,182,184,189,187,81,54,51,58,53,51,52,55,52,75,82,80,79,81,83,87
33,桃園市,觀音區,觀音,2016/7/30,一氧化氮 NO (ppb),0.5,0.5,0.3,0.5,1.3,1.7,1.6,1.2,0.9,1.5,1,0.6,0.4,0.4,1.7,2.9,3,2.9,2.2,1.8,5.7,7,0.9,0.7
34,桃園市,觀音區,觀音,2016/7/30,細懸浮微粒 PM 2.5  (μg/m 3 ),45,40,36,39,40,40,37,36,35,35,29,25,27,28,29,16,14,14,14,16,10,20,15,21
35,桃園市,觀音區,觀音,2016/7/29,二氧化硫 SO2 (ppb),3.8,3.9,5.3,4.9,4.4,3.8,5,7.2,6.7,10,8.5,8,3.4,3.4,4.4,3.7,3.6,2.6,3.7,4.2,3.5,4,4,4.6
36,桃園市,觀音區,觀音,2016/7/29,二氧化氮 NO2 (ppb),9.7,11,14,23,19,17,22,21,22,27,17,13,6.6,5.7,5.4,4.9,4.9,3.7,4.2,5,4.9,5.1,7.3,18
37,桃園市,觀音區,觀音,2016/7/29,相對濕度 RH (percent),87,87,87,86,85,85,81,74,67,73,73,72,64,63,66,72,72,72,81,83,83,84,84,84
38,桃園市,觀音區,觀音,2016/7/29,一氧化碳 CO (ppm),0.23,0.26,0.29,0.3,0.27,0.28,0.3,0.39,0.46,0.44,0.37,0.35,0.18,0.14,0.16,0.18,0.17,0.14,0.17,0.16,0.17,0.16,0.23,0.39
39,桃園市,觀音區,觀音,2016/7/29,臭氧 O3 (ppb),20,16,8.8,3.8,7.3,8.9,8.8,21,45,48,81,115,84,71,83,77,59,48,78,71,65,58,48,23
40,桃園市,觀音區,觀音,2016/7/29,懸浮微粒 PM 10  (μg/m 3 ),47,48,63,58,64,56,59,57,68,76,86,86,77,57,47,41,46,41,40,37,39,40,41,63
41,桃園市,觀音區,觀音,2016/7/29,氮氧化物 NOx (ppb),10,11,15,25,20,20,30,26,27,31,19,14,7.1,6.3,6,5.6,5.7,4.3,4.6,5.2,5.2,5.3,7.6,19
42,桃園市,觀音區,觀音,2016/7/29,風速 WIND_SPEED (m/sec),1.4,1.5,0.7,0.4,0.5,0.7,0.8,1.7,1.4,2.2,2.6,3.5,2.8,3.2,3.1,2.8,2.3,2.4,1.9,2,2.5,1.5,1.7,1.4
43,桃園市,觀音區,觀音,2016/7/29,溫度 AMB_TEMP (℃),29,29,29,29,29,29,29,31,32,32,33,33,33,33,32,32,32,32,31,30,30,30,29,29
44,桃園市,觀音區,觀音,2016/7/29,風向 WIND_DIREC (degrees),202,188,129,166,195,176,142,98,49,330,294,320,305,324,62,55,315,294,283,265,229,247,200,198
45,桃園市,觀音區,觀音,2016/7/29,小時風速值 WS_HR (m/sec),1.8,1.5,0.6,0.5,0.4,0.7,0.5,1.3,1.2,1,0.9,2.1,2.4,1.4,0.9,1.3,0.9,2,2.1,1.7,2.3,1.6,1.3,1.5
46,桃園市,觀音區,觀音,2016/7/29,酸雨 PH_RAIN (pH),0,0,0,0,0,0,0,0,0,0,0,0,0,0,0,0,0,0,0,0,0,0,0,0
47,桃園市,觀音區,觀音,2016/7/29,導電度 RAIN_COND (μmho/cm),0,0,0,0,0,0,0,0,0,0,0,0,0,0,0,0,0,0,0,0,0,0,0,0
48,桃園市,觀音區,觀音,2016/7/29,降雨強度 RAIN_INT (㎜),0,0,0,0,0,0,0,0,0,0,0,0,0,0,0,0,0,0,0,0,0,0,0,0
49,桃園市,觀音區,觀音,2016/7/29,小時風向值 WD_HR (degrees),212,192,160,177,196,183,159,114,87,330,327,314,306,326,24,41,350,296,287,272,244,239,215,208
50,桃園市,觀音區,觀音,2016/7/29,一氧化氮 NO (ppb),0.7,0.8,0.8,1.8,1.9,2.8,8.4,5.5,4.7,4.4,2,0.7,0.5,0.6,0.6,0.7,0.7,0.6,0.3,0.2,0.3,0.2,0.3,0.4
51,桃園市,觀音區,觀音,2016/7/29,細懸浮微粒 PM 2.5  (μg/m 3 ),25,28,33,36,35,41,33,39,36,47,51,55,48,33,27,22,28,22,23,24,27,24,33,41
52,桃園市,觀音區,觀音,2016/7/28,二氧化硫 SO2 (ppb),3.6,4.7,6,7.2,6.1,5.1,3.3,2.9,3.3,3.5,2.3,2.8,4.5,3.6,3.8,2.6,2.5,2.7,2.5,2.3,2.6,2.6,3.6,3.4
53,桃園市,觀音區,觀音,2016/7/28,二氧化氮 NO2 (ppb),12,10,15,14,12,11,13,9.2,8.3,11,7.2,7.5,8.9,7.9,5.7,3.5,4,4.6,5,4,3.4,2.8,4.7,5.2
54,桃園市,觀音區,觀音,2016/7/28,相對濕度 RH (percent),83,80,81,81,78,77,76,69,61,55,54,56,61,65,67,70,72,74,81,84,86,85,88,89
55,桃園市,觀音區,觀音,2016/7/28,一氧化碳 CO (ppm),0.17,0.17,0.26,0.2,0.14,0.12,0.17,0.15,0.15,0.19,0.13,0.17,0.19,0.11,0.1,0.1,0.12,0.14,0.16,0.11,0.12,0.13,0.14,0.15
56,桃園市,觀音區,觀音,2016/7/28,臭氧 O3 (ppb),7.1,8.8,2.5,2.4,4.8,5.7,6.3,13,18,29,38,49,53,54,52,47,45,45,42,37,41,44,39,36
57,桃園市,觀音區,觀音,2016/7/28,懸浮微粒 PM 10  (μg/m 3 ),26,32,33,35,32,31,31,31,30,28,32,37,40,44,49,53,50,49,46,44,50,55,59,42
58,桃園市,觀音區,觀音,2016/7/28,氮氧化物 NOx (ppb),12,10,15,17,13,13,20,15,13,15,10,9.4,11,9.8,7.2,4.5,4.9,5.6,5.8,4.7,4.2,3.4,5.3,6
59,桃園市,觀音區,觀音,2016/7/28,風速 WIND_SPEED (m/sec),3.5,4.2,4.4,4.3,3.4,1.6,1.7,3.3,3.4,2.9,5.1,5.2,5.9,5.3,5.6,5.5,4.4,4,2.8,3.6,3.1,3.7,3.4,2.5
60,桃園市,觀音區,觀音,2016/7/28,溫度 AMB_TEMP (℃),29,29,29,28,28,28,28,30,32,33,35,35,34,34,34,33,33,32,31,30,30,30,30,29
61,桃園市,觀音區,觀音,2016/7/28,風向 WIND_DIREC (degrees),243,240,230,225,220,195,198,202,216,240,255,251,254,249,251,249,245,251,238,236,233,231,234,220
62,桃園市,觀音區,觀音,2016/7/28,小時風速值 WS_HR (m/sec),3.6,4,4.1,3.7,3.6,2.4,1.7,2.7,3.2,3,4.2,4.6,5.7,5.6,5.5,5.4,4.4,3.6,3.1,2.8,3,3.6,3.6,2.5
63,桃園市,觀音區,觀音,2016/7/28,酸雨 PH_RAIN (pH),0,0,0,0,0,0,0,0,0,0,0,0,0,0,0,0,0,0,0,0,0,0,0,0
64,桃園市,觀音區,觀音,2016/7/28,導電度 RAIN_COND (μmho/cm),0,0,0,0,0,0,0,0,0,0,0,0,0,0,0,0,0,0,0,0,0,0,0,0
65,桃園市,觀音區,觀音,2016/7/28,降雨強度 RAIN_INT (㎜),0,0,0,0,0,0,0,0,0,0,0,0,0,0,0,0,0,0,0,0,0,0,0,0
66,桃園市,觀音區,觀音,2016/7/28,小時風向值 WD_HR (degrees),237,239,233,225,225,218,190,204,217,226,255,252,253,251,251,252,247,247,243,235,236,237,232,228
67,桃園市,觀音區,觀音,2016/7/28,一氧化氮 NO (ppb),-0.1,0,0.3,3.2,1.3,1.6,7.5,5.6,4.8,4.2,2.7,1.9,2.1,2,1.5,1,0.9,1,0.8,0.7,0.8,0.6,0.6,0.8
68,桃園市,觀音區,觀音,2016/7/28,細懸浮微粒 PM 2.5  (μg/m 3 ),7,11,12,9,6,3,5,9,12,13,15,17,21,18,16,18,20,22,20,26,26,22,17,16
69,桃園市,觀音區,觀音,2016/7/27,二氧化硫 SO2 (ppb),4,5.3,4.9,6.3,5.3,4.6,4.4,3.9,2.7,2.8,,1.9,1.9,1.4,1.5,1.4,1.7,1.1,1.5,0.7,2,2.7,3.9,4
70,桃園市,觀音區,觀音,2016/7/27,二氧化氮 NO2 (ppb),13,19,24,23,18,11,15,9.4,4.6,5.6,,7.6,5.3,18,17,5.7,5.5,4.1,5.6,3.5,3.9,7.7,9.4,11
71,桃園市,觀音區,觀音,2016/7/27,相對濕度 RH (percent),82,81,78,77,80,81,78,73,71,70,67,61,59,57,60,63,65,71,78,81,82,84,84,83
72,桃園市,觀音區,觀音,2016/7/27,一氧化碳 CO (ppm),0.17,0.25,0.29,0.28,0.24,0.17,0.18,0.17,0.13,0.14,,0.12,0.11,0.08,0.07,0.07,0.07,0.09,0.08,0.07,0.07,0.12,0.18,0.18
73,桃園市,觀音區,觀音,2016/7/27,臭氧 O3 (ppb),13,5.4,0.7,0.9,3.8,8.8,6.3,15,23,31,30,,30,18,13,22,20,20,17,19,17,13,11,10
74,桃園市,觀音區,觀音,2016/7/27,懸浮微粒 PM 10  (μg/m 3 ),48,32,33,56,57,53,42,36,38,40,,43,34,37,36,41,38,39,34,33,23,27,21,27
75,桃園市,觀音區,觀音,2016/7/27,氮氧化物 NOx (ppb),14,20,28,26,20,12,22,16,6.4,7.8,,9.3,7.3,34,34,8,7.7,5.1,6.4,3.8,3.8,7.6,9.6,11
76,桃園市,觀音區,觀音,2016/7/27,風速 WIND_SPEED (m/sec),1.3,2.1,2.4,2.1,3.6,2.3,2.8,6.7,6.3,7,7.6,6.6,6.8,8,6.3,6.1,6,5.4,4.9,4,4,3.7,4.2,3.9
77,桃園市,觀音區,觀音,2016/7/27,溫度 AMB_TEMP (℃),28,28,28,28,28,29,29,30,31,32,33,34,34,34,34,33,33,31,30,30,29,29,30,29
78,桃園市,觀音區,觀音,2016/7/27,風向 WIND_DIREC (degrees),195,186,213,211,237,203,213,241,248,252,253,252,254,253,252,250,240,239,242,235,230,241,234,241
79,桃園市,觀音區,觀音,2016/7/27,小時風速值 WS_HR (m/sec),1.7,1.7,2,2.2,2.4,2.7,2.2,4.2,5.8,6.5,7.1,6.3,6.8,7.3,6.9,6.3,5.6,5.5,4.8,4.5,3.8,3.3,3.8,3.7
80,桃園市,觀音區,觀音,2016/7/27,酸雨 PH_RAIN (pH),0,0,0,0,0,0,0,0,0,0,0,0,0,0,0,0,0,0,0,0,0,0,0,0
81,桃園市,觀音區,觀音,2016/7/27,導電度 RAIN_COND (μmho/cm),0,0,0,0,0,0,0,0,0,0,0,0,0,0,0,0,0,0,0,0,0,0,0,0
82,桃園市,觀音區,觀音,2016/7/27,降雨強度 RAIN_INT (㎜),0,0,0,0,0,0,0,0,0,0,0,0,0,0,0,0,0,0,0,0,0,0,0,0
83,桃園市,觀音區,觀音,2016/7/27,小時風向值 WD_HR (degrees),202,192,210,219,219,222,214,234,245,246,251,252,253,254,252,253,247,245,243,242,231,237,242,237
84,桃園市,觀音區,觀音,2016/7/27,一氧化氮 NO (ppb),0.5,1,3.3,3.1,2.5,1.1,6.9,6.3,1.8,2.2,,1.6,2.1,16,17,2.4,2.2,1,0.9,0.3,0,0,0.2,0.2
85,桃園市,觀音區,觀音,2016/7/27,細懸浮微粒 PM 2.5  (μg/m 3 ),25,20,20,18,22,22,22,22,19,24,0#,42x,43*,38x,12,14,10,17,13,15,8,13,9,9
86,桃園市,觀音區,觀音,2016/7/26,二氧化硫 SO2 (ppb),4.4,0.9,3.5,4.6,6.2,4.1,5.2,5.2,,4,4,3.5,3.9,3,4.4,2.2,2.6,2.2,2.1,2.4,3.3,3.1,4.2,4
87,桃園市,觀音區,觀音,2016/7/26,二氧化氮 NO2 (ppb),13,,3,3.5,3.1,3.1,4.7,4.8,5.1,,5.5,5.2,5.3,2.8,3.2,4.3,5.2,4.5,4.5,4.9,6.2,6.1,7.6,8.4
88,桃園市,觀音區,觀音,2016/7/26,相對濕度 RH (percent),86,88,86,83,84,82,83,80,75,73,67,66,63,61,58,59,53,62,69,74,74,76,80,81
89,桃園市,觀音區,觀音,2016/7/26,一氧化碳 CO (ppm),0.14,,0.15,0.2,0.19,0.19,0.17,0.15,0.13,0.12,0.12,0.11,0.12,0.11,0.1,0.11,0.11,0.12,0.12,0.11,0.14,0.13,0.13,0.14
90,桃園市,觀音區,觀音,2016/7/26,臭氧 O3 (ppb),9.9,19,60,72,71,68,46,44,42,45,45,48,48,49,44,42,44,42,37,37,33,29,25,21
91,桃園市,觀音區,觀音,2016/7/26,懸浮微粒 PM 10  (μg/m 3 ),,36,43,55,57,67,62,55,47,46,49,42,38,41,45,46,39,35,36,38,39,39,39,47
92,桃園市,觀音區,觀音,2016/7/26,氮氧化物 NOx (ppb),13,,3.1,3.8,3.6,3.3,5.2,5.4,6.2,,6.8,6.4,6.8,3.5,4.1,5.3,6.4,5.2,4.9,5.3,6.7,6.5,8.1,8.9
93,桃園市,觀音區,觀音,2016/7/26,風速 WIND_SPEED (m/sec),,2.4,2.8,2.6,2.1,1.7,2.4,2.4,3.4,3.6,3.3,3.3,4.2,3.4,2.9,3.1,3.4,2.9,1.8,1.7,2.1,1.6,1.8,1.4
94,桃園市,觀音區,觀音,2016/7/26,溫度 AMB_TEMP (℃),16,28,29,29,29,29,29,30,31,31,32,32,33,33,33,33,33,32,31,30,29,29,29,29
95,桃園市,觀音區,觀音,2016/7/26,風向 WIND_DIREC (degrees),,244,252,252,258,260,252,241,252,263,262,269,267,274,271,245,249,241,241,202,206,211,199,223
96,桃園市,觀音區,觀音,2016/7/26,小時風速值 WS_HR (m/sec),0.8,2,2.6,2.4,2.2,1.9,1.8,2.6,3,3.2,3.2,3.1,3.3,3.1,2.8,2.6,3.1,2.9,2,1.5,1.8,1.9,1.5,1.3
97,桃園市,觀音區,觀音,2016/7/26,酸雨 PH_RAIN (pH),,0,0,0,0,0,0,0,0,0,0,0,0,0,0,0,0,0,0,0,0,0,0,0
98,桃園市,觀音區,觀音,2016/7/26,導電度 RAIN_COND (μmho/cm),,0,0,0,0,0,0,0,0,0,0,0,0,0,0,0,0,0,0,0,0,0,0,0
99,桃園市,觀音區,觀音,2016/7/26,降雨強度 RAIN_INT (㎜),,0,0,0,0,0,0,0,0,0,0,0,0,0,0,0,0,0,0,0,0,0,0,0
100,桃園市,觀音區,觀音,2016/7/26,小時風向值 WD_HR (degrees),235,246,248,254,255,260,257,253,249,256,256,267,265,274,270,258,244,251,246,219,207,207,209,219
101,桃園市,觀音區,觀音,2016/7/26,一氧化氮 NO (ppb),0.3,,0.2,0.2,0.5,0.3,0.4,0.6,1.1,,1.3,1.2,1.5,0.8,0.9,1,1.2,0.7,0.4,0.4,0.5,0.4,0.5,0.5
102,桃園市,觀音區,觀音,2016/7/26,細懸浮微粒 PM 2.5  (μg/m 3 ),0#,24,23,37,34,37,32,31,27,28,33,34,28,22,24,16,20,15,23,21,22,20,23,22
103,桃園市,觀音區,觀音,2016/7/25,二氧化硫 SO2 (ppb),6,3.3,3.9,3,3.8,3,3.7,4.2,2.9,2.4,2.4,1.9,1.9,1.7,1.4,2.7,3.4,2.6,3.1,3,3.7,4.4,3.7,3.5
104,桃園市,觀音區,觀音,2016/7/25,二氧化氮 NO2 (ppb),18,19,21,15,12,12,15,10,3.6,3.1,6.1,3.8,3.4,2.6,2,2.3,4.2,4.7,4.6,13,8.3,9,8.6,10
105,桃園市,觀音區,觀音,2016/7/25,相對濕度 RH (percent),75,75,80,82,86,88,87,82,74,67,65,67,72,68,71,68,71,75,77,80,82,83,83,86
106,桃園市,觀音區,觀音,2016/7/25,一氧化碳 CO (ppm),0.41,0.39,0.35,0.28,0.19,0.17,0.18,0.16,0.12,0.12,0.1,0.09,0.07,0.06,0.06,0.13,0.14,0.13,0.12,0.13,0.12,0.14,0.12,0.14
107,桃園市,觀音區,觀音,2016/7/25,臭氧 O3 (ppb),17,14,11,12,17,14,12,21,35,43,37,37,36,34,33,54,65,37,35,23,27,27,25,16
108,桃園市,觀音區,觀音,2016/7/25,懸浮微粒 PM 10  (μg/m 3 ),54,58,57,61,53,49,51,52,47,37,36,37,42,42,40,40,40,37,36,31,35,36,39,36
109,桃園市,觀音區,觀音,2016/7/25,氮氧化物 NOx (ppb),18,20,21,16,12,13,18,14,4.4,3.8,7.4,5,4.1,3.3,2.5,2.7,4.8,5.6,5.2,13,9.2,9.6,9,11
110,桃園市,觀音區,觀音,2016/7/25,風速 WIND_SPEED (m/sec),1,0.8,0.9,2.1,1.8,2.5,2.6,4.1,4.1,4.9,3.9,3.7,3.8,3.6,3.2,1.9,2.1,2.1,1.7,1.3,0.6,0.7,1.5,1.4
111,桃園市,觀音區,觀音,2016/7/25,溫度 AMB_TEMP (℃),29,29,28,28,28,27,28,30,31,32,33,32,32,32,32,32,31,30,30,30,30,30,29,29
112,桃園市,觀音區,觀音,2016/7/25,風向 WIND_DIREC (degrees),99,191,172,187,212,210,210,234,241,250,252,258,268,269,267,287,311,36,49,61,67,283,250,210
113,桃園市,觀音區,觀音,2016/7/25,小時風速值 WS_HR (m/sec),1.3,0.6,0.8,1,2,2,2.4,3.2,4,4.5,4.2,4,3.5,3.2,2.6,2.2,1.6,0.6,1.6,0.6,0.7,0.3,0.9,1.2
114,桃園市,觀音區,觀音,2016/7/25,酸雨 PH_RAIN (pH),0,0,0,0,0,0,0,0,0,0,0,0,0,0,0,0,0,0,0,0,0,0,0,0
115,桃園市,觀音區,觀音,2016/7/25,導電度 RAIN_COND (μmho/cm),0,0,0,0,0,0,0,0,0,0,0,0,0,0,0,0,0,0,0,0,0,0,0,0
116,桃園市,觀音區,觀音,2016/7/25,降雨強度 RAIN_INT (㎜),0,0,0,0,0,0,0,0,0,0,0,0,0,0,0,0,0,0,0,0,0,0,0,0
117,桃園市,觀音區,觀音,2016/7/25,小時風向值 WD_HR (degrees),100,113,189,183,194,206,211,228,245,248,252,257,267,265,267,287,296,2.6,48,43,60,17,250,225
118,桃園市,觀音區,觀音,2016/7/25,一氧化氮 NO (ppb),0.6,0.6,0.6,0.4,0.4,0.8,2.8,3.6,0.8,0.7,1.4,1.2,0.7,0.7,0.5,0.4,0.6,0.9,0.7,0.8,0.9,0.6,0.4,0.2
119,桃園市,觀音區,觀音,2016/7/25,細懸浮微粒 PM 2.5  (μg/m 3 ),34,33,32,27,28,35,43,39,27,19,20,20,20,17,18,18,24,21,22,17,23,23,25,24
120,桃園市,觀音區,觀音,2016/7/24,二氧化硫 SO2 (ppb),2,2,2.3,1.9,2.8,3.9,3.9,4.7,4.7,4.8,3.8,4.3,4.4,3.1,1.4,1.6,2.5,3.8,3.8,4.9,3.9,8.5,11,9.8
121,桃園市,觀音區,觀音,2016/7/24,二氧化氮 NO2 (ppb),4.1,3.1,3.2,2.3,5,18,14,9.5,8.3,8.2,8.9,12,9.4,1.9,0.6,1.1,3.3,5.4,6.8,8.6,6.2,14,25,25
122,桃園市,觀音區,觀音,2016/7/24,相對濕度 RH (percent),86,88,88,87,88,88,87,80,70,67,63,61,63,62,60,65,69,70,73,69,76,76,73,75
123,桃園市,觀音區,觀音,2016/7/24,一氧化碳 CO (ppm),0.08,0.08,0.08,0.08,0.11,0.24,0.27,0.25,0.25,0.25,0.19,0.17,0.13,0.11,0.08,0.09,0.2,0.15,0.25,0.41,0.47,0.3,0.35,0.4
124,桃園市,觀音區,觀音,2016/7/24,臭氧 O3 (ppb),18,19,19,19,14,2.1,5.6,12,23,31,41,38,37,40,34,33,37,34,45,49,58,42,24,16
125,桃園市,觀音區,觀音,2016/7/24,懸浮微粒 PM 10  (μg/m 3 ),12,22,19,35,37,47,43,44,49,52,44,30,27,32,35,30,37,38,42,41,49,54,51,55
126,桃園市,觀音區,觀音,2016/7/24,氮氧化物 NOx (ppb),5.1,3.9,3.9,2.4,5.4,20,20,15,12,11,11,15,13,2.8,1.1,2,4.2,6.8,7.7,9.1,6.7,15,25,25
127,桃園市,觀音區,觀音,2016/7/24,風速 WIND_SPEED (m/sec),1.6,1.1,1.3,1.4,1.1,1.6,1.8,4,3.1,4.1,3.4,2.9,4,3.4,2.4,2.1,2.3,2.6,2.7,1.6,1.6,1.1,1.1,1.6
128,桃園市,觀音區,觀音,2016/7/24,溫度 AMB_TEMP (℃),29,29,29,29,29,29,29,30,31,32,33,34,33,33,33,32,31,31,30,30,30,30,30,29
129,桃園市,觀音區,觀音,2016/7/24,風向 WIND_DIREC (degrees),247,245,239,246,205,217,220,247,252,258,254,263,267,270,299,331,45,46,42,64,55,68,69,86
130,桃園市,觀音區,觀音,2016/7/24,小時風速值 WS_HR (m/sec),1.4,1.2,0.9,1.3,1.1,1.1,1.5,3,2.6,3.8,3.7,3.3,3.3,3.2,2.6,1.5,1.4,2.6,2.7,2,1.7,1.1,1,1.3
131,桃園市,觀音區,觀音,2016/7/24,酸雨 PH_RAIN (pH),0,0,0,0,0,0,0,0,0,0,0,0,0,0,0,0,0,0,0,0,0,0,0,0
132,桃園市,觀音區,觀音,2016/7/24,導電度 RAIN_COND (μmho/cm),0,0,0,0,0,0,0,0,0,0,0,0,0,0,0,0,0,0,0,0,0,0,0,0
133,桃園市,觀音區,觀音,2016/7/24,降雨強度 RAIN_INT (㎜),0,0,0,0,0,0,0,0,0,0,0,0,0,0,0,0,0,0,0,0,0,0,0,0
134,桃園市,觀音區,觀音,2016/7/24,小時風向值 WD_HR (degrees),245,239,244,249,218,205,210,240,235,253,254,255,264,275,280,306,40,46,45,48,50,65,79,86
135,桃園市,觀音區,觀音,2016/7/24,一氧化氮 NO (ppb),1,0.9,0.8,0.1,0.3,2,5.9,5.1,4.1,2.8,2.2,3.4,3.9,0.9,0.5,0.9,0.9,1.4,0.9,0.5,0.6,0.5,0.6,0.7
136,桃園市,觀音區,觀音,2016/7/24,細懸浮微粒 PM 2.5  (μg/m 3 ),13,7,9,7,13,19,26,23,22,17,22,18,25,20,21,16,22,23,25,24,29,36,39,37
137,桃園市,觀音區,觀音,2016/7/23,二氧化硫 SO2 (ppb),1.1,2.6,3.9,4.3,5.1,5.3,4.7,4.6,3.6,3.1,3.6,2.4,2.3,2.6,2.8,2.4,2.1,1.7,1.6,2.2,2.8,1.6,1.6,2.1
138,桃園市,觀音區,觀音,2016/7/23,二氧化氮 NO2 (ppb),5.9,11,18,21,21,19,16,11,6.6,4.3,4.1,3.5,3.1,2.9,2.6,3.1,2.7,3.1,3,7.3,8.6,6,5.3,5.3
139,桃園市,觀音區,觀音,2016/7/23,相對濕度 RH (percent),91,90,89,89,87,83,80,75,71,66,64,61,60,59,60,57,58,64,73,80,81,79,82,83
140,桃園市,觀音區,觀音,2016/7/23,一氧化碳 CO (ppm),0.13,0.2,0.25,0.27,0.28,0.28,0.27,0.21,0.15,0.15,0.16,0.12,0.12,0.14,0.13,0.11,0.11,0.1,0.11,0.13,0.2,0.15,0.12,0.1
141,桃園市,觀音區,觀音,2016/7/23,臭氧 O3 (ppb),10,4.2,0.3,0.1,0.1,0.9,6.1,14,20,29,37,40,43,49,49,37,29,26,25,17,17,19,18,15
142,桃園市,觀音區,觀音,2016/7/23,懸浮微粒 PM 10  (μg/m 3 ),29,33,39,46,49,49,46,45,37,36,30,37,37,36,39,39,39,31,34,35,32,30,21,23
143,桃園市,觀音區,觀音,2016/7/23,氮氧化物 NOx (ppb),6.5,11,23,31,32,32,26,19,11,6.9,5.8,5,4.5,4.1,3.8,4.5,4,4.6,4.2,8.5,10,7.7,6.2,6.2
144,桃園市,觀音區,觀音,2016/7/23,風速 WIND_SPEED (m/sec),2,1.8,2.2,2.2,2.3,2.2,3,4.5,5.3,5.4,5.6,5.5,4.8,5.4,5,4.8,3.7,3.2,2.4,2.3,1,1.1,1.8,1.5
145,桃園市,觀音區,觀音,2016/7/23,溫度 AMB_TEMP (℃),28,28,28,28,27,27,28,29,31,32,32,33,33,34,34,33,33,32,30,29,29,29,29,29
146,桃園市,觀音區,觀音,2016/7/23,風向 WIND_DIREC (degrees),202,209,220,202,209,211,222,232,247,246,252,253,251,249,250,251,251,238,245,205,76,237,253,246
147,桃園市,觀音區,觀音,2016/7/23,小時風速值 WS_HR (m/sec),1.6,1.8,2,2.1,2.2,2.3,2.5,3.5,4.9,5.5,5.4,5.7,5.3,5.1,4.6,4.6,3.9,3.3,2.7,2,0.7,0.5,1.5,1.6
148,桃園市,觀音區,觀音,2016/7/23,酸雨 PH_RAIN (pH),0,0,0,0,0,0,0,0,0,0,0,0,0,0,0,0,0,0,0,0,0,0,0,0
149,桃園市,觀音區,觀音,2016/7/23,導電度 RAIN_COND (μmho/cm),0,0,0,0,0,0,0,0,0,0,0,0,0,0,0,0,0,0,0,0,0,0,0,0
150,桃園市,觀音區,觀音,2016/7/23,降雨強度 RAIN_INT (㎜),0,0,0,0,0,0,0,0,0,0,0,0,0,0,0,0,0,0,0,0,0,0,0,0
151,桃園市,觀音區,觀音,2016/7/23,小時風向值 WD_HR (degrees),210,215,209,212,207,209,218,229,245,244,253,253,250,251,250,250,247,244,241,225,161,231,250,251
152,桃園市,觀音區,觀音,2016/7/23,一氧化氮 NO (ppb),0.6,0.7,5.4,10,11,12,9.9,7.2,4.2,2.5,1.7,1.5,1.4,1.2,1.2,1.4,1.3,1.5,1.1,1.3,1.6,1.6,0.9,0.9
153,桃園市,觀音區,觀音,2016/7/23,細懸浮微粒 PM 2.5  (μg/m 3 ),7,11,18,18,24,22,26,25,21,17,9,6,9,17,20,22,18,16,11,23,25,26,16,11
154,桃園市,觀音區,觀音,2016/7/22,二氧化硫 SO2 (ppb),2.8,2.7,3.7,3,2.1,1.9,1.9,1.9,1.6,0.9,1.2,0.8,0.8,0.4,0.3,0.5,0.8,0.2,0.3,0.8,0.7,0.6,0.8,0.6
155,桃園市,觀音區,觀音,2016/7/22,二氧化氮 NO2 (ppb),14,20,23,10,5.5,5.6,5.4,4.9,3.7,2.1,2.1,1.9,1.6,1.5,1.8,1.9,2.6,2.6,4.2,7.5,5.6,6.1,7,6.2
156,桃園市,觀音區,觀音,2016/7/22,相對濕度 RH (percent),81,84,88,88,86,87,87,81,73,64,61,61,56,55,57,59,57,61,68,75,83,85,88,90
157,桃園市,觀音區,觀音,2016/7/22,一氧化碳 CO (ppm),0.26,0.26,0.29,0.18,0.1,0.1,0.09,0.11,0.09,0.08,0.08,0.09,0.08,0.08,0.07,0.09,0.09,0.1,0.14,0.16,0.11,0.12,0.12,0.11
158,桃園市,觀音區,觀音,2016/7/22,臭氧 O3 (ppb),9.1,3.7,0.6,7.8,14,13,14,16,20,26,27,26,24,24,24,23,21,21,17,11,15,12,11,12
159,桃園市,觀音區,觀音,2016/7/22,懸浮微粒 PM 10  (μg/m 3 ),48,46,40,36,34,36,32,27,23,22,26,28,27,23,33,37,36,27,25,31,27,28,24,28
160,桃園市,觀音區,觀音,2016/7/22,氮氧化物 NOx (ppb),15,20,27,11,6.1,6.1,6.8,7.2,5.6,3.1,3.1,2.9,2.6,2.3,2.8,2.9,4.1,3.7,5.2,8.3,6.1,6.7,7.6,6.8
161,桃園市,觀音區,觀音,2016/7/22,風速 WIND_SPEED (m/sec),1.5,1,1.8,4.2,4,3.6,4.8,5.2,6,5.1,6.5,5.8,6.6,6,5.3,4.9,3.3,2.7,2.4,1.8,1.8,1.2,1.4,1.6
162,桃園市,觀音區,觀音,2016/7/22,溫度 AMB_TEMP (℃),29,28,28,28,29,28,29,30,31,31,32,33,33,33,33,33,33,32,31,30,29,29,29,29
163,桃園市,觀音區,觀音,2016/7/22,風向 WIND_DIREC (degrees),244,262,221,245,245,245,248,242,236,235,249,249,243,250,249,243,241,237,226,226,204,195,229,242
164,桃園市,觀音區,觀音,2016/7/22,小時風速值 WS_HR (m/sec),1.1,1.2,1.8,3.4,4.1,3.5,4.2,4.6,4.9,5.6,5.6,5.8,6.3,5.7,5.2,4.9,4.1,3.5,2.5,1.9,1.8,1.5,1.2,1.5
165,桃園市,觀音區,觀音,2016/7/22,酸雨 PH_RAIN (pH),0,0,0,0,0,0,0,0,0,0,0,0,0,0,0,0,0,0,0,0,0,0,0,0
166,桃園市,觀音區,觀音,2016/7/22,導電度 RAIN_COND (μmho/cm),0,0,0,0,0,0,0,0,0,0,0,0,0,0,0,0,0,0,0,0,0,0,0,0
167,桃園市,觀音區,觀音,2016/7/22,降雨強度 RAIN_INT (㎜),0,0,0,0,0,0,0,0,0,0,0,0,0,0,0,0,0,0,0,0,0,0,0,0
168,桃園市,觀音區,觀音,2016/7/22,小時風向值 WD_HR (degrees),247,252,213,244,246,244,247,247,242,241,246,245,245,249,251,243,245,240,237,234,212,229,213,232
169,桃園市,觀音區,觀音,2016/7/22,一氧化氮 NO (ppb),0.5,0.8,3.6,0.9,0.7,0.6,1.4,2.3,1.9,1,1.1,1.1,0.9,0.8,0.9,1,1.5,1.1,0.9,0.8,0.5,0.6,0.6,0.6
170,桃園市,觀音區,觀音,2016/7/22,細懸浮微粒 PM 2.5  (μg/m 3 ),16,15,18,18,18,13,13,13,20,11,10,3,8,7,9,9,9,11,11,17,17,17,10,9
171,桃園市,觀音區,觀音,2016/7/21,二氧化硫 SO2 (ppb),3.7,3.3,3.4,2.6,2.9,4.9,3.5,3.9,3.1,2.5,2.1,1.3,0.9,0.9,1.4,0.7,0.7,0.8,1.1,1.7,1.3,1.3,2.2,2.1
172,桃園市,觀音區,觀音,2016/7/21,二氧化氮 NO2 (ppb),16,18,20,18,16,15,13,12,8,5.5,5.4,6.3,6.3,2.5,2.4,2.2,2.6,3,5,6.6,6.8,9.4,17,15
173,桃園市,觀音區,觀音,2016/7/21,相對濕度 RH (percent),81,84,84,84,83,83,81,79,75,73,72,67,66,67,67,66,65,63,68,68,72,76,79,80
174,桃園市,觀音區,觀音,2016/7/21,一氧化碳 CO (ppm),0.25,0.24,0.24,0.23,0.2,0.21,0.22,0.22,0.18,0.16,0.14,0.09,0.09,0.09,0.08,0.11,0.15,0.13,0.15,0.18,0.19,0.22,0.32,0.27
175,桃園市,觀音區,觀音,2016/7/21,臭氧 O3 (ppb),5.4,2,2.3,3.5,4.3,5.1,9.1,13,21,29,33,25,25,28,30,27,25,24,20,17,15,9.7,5.3,9.8
176,桃園市,觀音區,觀音,2016/7/21,懸浮微粒 PM 10  (μg/m 3 ),34,39,42,43,45,47,45,39,36,29,31,21,26,26,33,35,37,38,35,38,37,46,48,51
177,桃園市,觀音區,觀音,2016/7/21,氮氧化物 NOx (ppb),17,19,22,23,19,17,17,18,12,7.1,6.6,8.9,9.6,3.5,3.1,2.9,3.3,3.8,5.7,6.9,7.4,10,18,16
178,桃園市,觀音區,觀音,2016/7/21,風速 WIND_SPEED (m/sec),1.2,1.3,0.5,1.1,1.3,1.2,1.7,2.9,4.1,5.9,5.6,7.6,6.3,5,5.6,5.7,4.1,3.6,2.5,2.7,1.8,1.3,1.2,1.2
179,桃園市,觀音區,觀音,2016/7/21,溫度 AMB_TEMP (℃),28,28,28,28,28,28,28,29,31,31,32,32,33,33,32,32,32,32,31,30,29,29,29,29
180,桃園市,觀音區,觀音,2016/7/21,風向 WIND_DIREC (degrees),219,199,142,194,195,195,196,238,236,249,256,254,250,252,254,249,238,237,220,233,217,199,194,199
181,桃園市,觀音區,觀音,2016/7/21,小時風速值 WS_HR (m/sec),1.6,1.6,0.7,0.9,1,1.5,1.2,2.1,3.7,5.4,5.6,6.5,6.2,5.6,5.6,5.6,4.2,3.8,2.3,2.3,1.9,1.5,1.3,1.3
182,桃園市,觀音區,觀音,2016/7/21,酸雨 PH_RAIN (pH),0,0,0,0,0,0,0,0,0,0,0,0,0,0,0,0,0,0,0,0,0,0,0,0
183,桃園市,觀音區,觀音,2016/7/21,導電度 RAIN_COND (μmho/cm),0,0,0,0,0,0,0,0,0,0,0,0,0,0,0,0,0,0,0,0,0,0,0,0
184,桃園市,觀音區,觀音,2016/7/21,降雨強度 RAIN_INT (㎜),0,0,0,0,0,0,0,0,0,0,0,0,0,0,0,0,0,0,0,0,0,0,0,0
185,桃園市,觀音區,觀音,2016/7/21,小時風向值 WD_HR (degrees),201,204,161,184,183,190,192,229,234,246,253,253,252,251,251,249,243,237,229,225,221,222,203,190
186,桃園市,觀音區,觀音,2016/7/21,一氧化氮 NO (ppb),0.6,0.7,1.8,5.7,2.7,1.6,3.9,5.5,3.8,1.6,1.2,2.5,3.3,1,0.7,0.7,0.7,0.8,0.7,0.4,0.6,0.7,0.9,0.7
187,桃園市,觀音區,觀音,2016/7/21,細懸浮微粒 PM 2.5  (μg/m 3 ),19,18,18,16,19,19,22,17,16,15,18,17,16,15,18,15,15,11,16,18,18,19,17,15
188,桃園市,觀音區,觀音,2016/7/20,二氧化硫 SO2 (ppb),3.9,6.4,4.3,3.1,2.5,2.5,2.4,2.8,3,2.4,2.8,2.6,1.5,1.7,2.6,0.8,1.4,1.5,1.4,2,2.2,2.1,3.1,5.9
189,桃園市,觀音區,觀音,2016/7/20,二氧化氮 NO2 (ppb),15,15,13,14,12,12,11,9.6,7.1,5.6,5.7,5.8,4.4,4.9,11,2.9,3.3,3.6,4,6.2,7.5,12,20,20
190,桃園市,觀音區,觀音,2016/7/20,相對濕度 RH (percent),72,72,70,71,71,69,71,72,72,73,71,69,68,66,69,77,77,73,76,79,78,81,80,80
191,桃園市,觀音區,觀音,2016/7/20,一氧化碳 CO (ppm),0.23,0.24,0.16,0.16,0.15,0.13,0.15,0.19,0.16,0.14,0.16,0.14,0.1,0.07,0.08,0.08,0.09,0.1,0.11,0.13,0.12,0.21,0.31,0.31
192,桃園市,觀音區,觀音,2016/7/20,臭氧 O3 (ppb),2.9,1.8,3.4,4.2,6.4,6.6,8.4,14,22,29,41,43,35,20,14,21,23,20,18,15,14,8.6,7.3,3.7
193,桃園市,觀音區,觀音,2016/7/20,懸浮微粒 PM 10  (μg/m 3 ),32,36,32,30,24,24,20,31,30,25,17,21,31,32,27,27,34,40,42,37,39,33,31,26
194,桃園市,觀音區,觀音,2016/7/20,氮氧化物 NOx (ppb),19,19,16,17,12,12,15,14,9.9,7.1,6.8,6.7,5.4,7,21,3.6,3.9,4.2,4.5,6.7,7.8,12,21,21
195,桃園市,觀音區,觀音,2016/7/20,風速 WIND_SPEED (m/sec),0.8,1.5,1,1.3,2.1,1.7,2,4.5,5.5,6,6.1,6.9,6.8,7.1,5.3,3.4,3.3,4,2.3,2.4,2.2,1.7,1.8,2.5
196,桃園市,觀音區,觀音,2016/7/20,溫度 AMB_TEMP (℃),28,28,28,28,28,28,29,30,31,32,32,33,33,33,32,30,30,31,30,29,29,29,29,29
197,桃園市,觀音區,觀音,2016/7/20,風向 WIND_DIREC (degrees),131,132,145,198,206,197,231,240,248,249,251,255,253,253,247,243,241,239,243,213,204,124,192,207
198,桃園市,觀音區,觀音,2016/7/20,小時風速值 WS_HR (m/sec),0.9,1.6,0.8,1.2,1.5,1.8,1.7,3.6,4.7,5.6,6.3,6.2,6.5,6.6,6.5,4.3,3.3,3.2,2.9,2.4,2.3,1.1,1.4,2
199,桃園市,觀音區,觀音,2016/7/20,酸雨 PH_RAIN (pH),0,0,0,0,0,0,0,0,0,0,0,0,0,0,0,0,0,0,0,0,0,0,0,0
200,桃園市,觀音區,觀音,2016/7/20,導電度 RAIN_COND (μmho/cm),0,0,0,0,0,0,0,0,0,0,0,0,0,0,0,0,0,0,0,0,0,0,0,0
201,桃園市,觀音區,觀音,2016/7/20,降雨強度 RAIN_INT (㎜),0,0,0,0,0,0,0,0,0,0,0,0,0,0,0,0,0,0,0,0,0,0,0,0
202,桃園市,觀音區,觀音,2016/7/20,小時風向值 WD_HR (degrees),162,125,135,189,199,202,211,238,240,248,249,254,252,251,251,244,233,237,237,220,211,171,186,200
203,桃園市,觀音區,觀音,2016/7/20,一氧化氮 NO (ppb),4.1,3.4,2.4,3,0.5,0.7,3.9,4.7,2.8,1.5,1.1,1,1,2.1,9.7,0.7,0.5,0.6,0.5,0.5,0.4,0.5,0.7,0.9
204,桃園市,觀音區,觀音,2016/7/20,細懸浮微粒 PM 2.5  (μg/m 3 ),17,14,7,6,6,6,7,9,6,11,10,10,12,10,15,7,11,8,12,13,15,13,14,17
205,桃園市,觀音區,觀音,2016/7/19,二氧化硫 SO2 (ppb),4,5.6,7.3,5.6,5.3,4.4,3.6,3.7,4.5,2.8,2,4.4,3.3,2.2,1.6,1.6,1.4,1.8,1.9,1.9,2.7,2.2,2.5,4.7
206,桃園市,觀音區,觀音,2016/7/19,二氧化氮 NO2 (ppb),25,19,18,27,16,14,9.6,7.9,6.4,3.6,4.5,7.7,10,15,3.9,2,2.1,2.3,8,6.3,7.3,12,17,19
207,桃園市,觀音區,觀音,2016/7/19,相對濕度 RH (percent),73,71,73,73,73,74,71,71,68,66,66,66,67,64,74,79,82,81,76,70,70,74,74,73
208,桃園市,觀音區,觀音,2016/7/19,一氧化碳 CO (ppm),0.39,0.25,0.25,0.25,0.22,0.19,0.16,0.15,0.24,0.13,0.15,0.22,0.15,0.1,0.08,0.11,0.1,0.12,0.22,0.14,0.16,0.2,0.26,0.29
209,桃園市,觀音區,觀音,2016/7/19,臭氧 O3 (ppb),0.8,0.9,0.7,0.4,0.6,2.5,7.7,10,14,21,36,39,50,21,28,26,25,26,19,16,11,7,3,1.3
210,桃園市,觀音區,觀音,2016/7/19,懸浮微粒 PM 10  (μg/m 3 ),35,35,37,43,45,43,37,31,24,28,36,38,31,30,33,41,36,40,46,48,39,25,20,27
211,桃園市,觀音區,觀音,2016/7/19,氮氧化物 NOx (ppb),30,27,24,39,25,18,14,15,12,6.6,6.9,10,14,26,6.2,3.3,3.3,3.6,9.3,7.5,8.5,13,19,23
212,桃園市,觀音區,觀音,2016/7/19,風速 WIND_SPEED (m/sec),1.3,1,0.7,1.1,1.7,1.9,2.5,4.4,5.3,6.6,5.9,6.4,6.9,7.2,5.3,4.5,5,2.6,4,3.6,1.6,0.9,1.9,0.9
213,桃園市,觀音區,觀音,2016/7/19,溫度 AMB_TEMP (℃),29,29,28,28,27,27,28,30,31,32,32,33,33,33,31,30,30,30,29,29,29,28,28,28
214,桃園市,觀音區,觀音,2016/7/19,風向 WIND_DIREC (degrees),110,131,55,134,201,182,220,234,249,254,252,253,257,250,249,243,242,203,230,229,129,146,128,164
215,桃園市,觀音區,觀音,2016/7/19,小時風速值 WS_HR (m/sec),1.1,0.6,0.5,0.6,1.1,2,2.2,3.1,4.4,5.5,5.7,6.4,6.6,7.2,6.4,5.3,4.3,4.2,3,3.6,1.9,1.1,1.4,0.9
216,桃園市,觀音區,觀音,2016/7/19,酸雨 PH_RAIN (pH),0,0,0,0,0,0,0,0,0,0,0,0,0,0,0,0,0,0,0,0,0,0,0,0
217,桃園市,觀音區,觀音,2016/7/19,導電度 RAIN_COND (μmho/cm),0,0,0,0,0,0,0,0,0,0,0,0,0,0,0,0,0,0,0,0,0,0,0,0
218,桃園市,觀音區,觀音,2016/7/19,降雨強度 RAIN_INT (㎜),0,0,0,0,0,0,0,0,0,0,0,0,0,0,0,0,0,0,0,0,0,0,0,0
219,桃園市,觀音區,觀音,2016/7/19,小時風向值 WD_HR (degrees),108,136,103,109,186,195,196,225,237,248,251,252,256,253,252,246,240,229,215,235,199,161,130,145
220,桃園市,觀音區,觀音,2016/7/19,一氧化氮 NO (ppb),5.5,7.7,6.2,12,9,4,4.9,6.7,5.6,3.1,2.4,2.8,3.3,11,2.3,1.3,1.2,1.3,1.3,1.3,1.2,1.7,1.8,3.9
221,桃園市,觀音區,觀音,2016/7/19,細懸浮微粒 PM 2.5  (μg/m 3 ),16,14,15,8,13,6,11,11,16,14,11,15,17,15,9,9,13,20,19,21,15,12,11,17
222,桃園市,觀音區,觀音,2016/7/18,二氧化硫 SO2 (ppb),3.1,3,5.2,6.8,4.1,2.6,2.6,2.8,2.6,2.1,2.2,3.4,2.5,1.4,,2.1,2,2.2,2.1,2,2.1,2,2.1,3.1
223,桃園市,觀音區,觀音,2016/7/18,二氧化氮 NO2 (ppb),16,25,15,17,17,14,6.8,8.6,8.2,5.9,4.7,5.7,4.5,3,2.8,3,6,7.2,4,3.6,5.5,11,12,20
224,桃園市,觀音區,觀音,2016/7/18,相對濕度 RH (percent),84,81,78,78,80,80,84,77,70,66,63,64,67,75,74,73,67,71,84,86,85,81,81,75
225,桃園市,觀音區,觀音,2016/7/18,一氧化碳 CO (ppm),0.17,0.24,0.24,0.24,0.25,0.26,0.15,0.19,0.18,0.13,0.12,0.17,0.12,0.08,0.08,0.09,0.15,0.16,0.09,0.08,0.13,0.21,0.22,0.31
226,桃園市,觀音區,觀音,2016/7/18,臭氧 O3 (ppb),12,5.3,2.2,2,3,4.1,11,12,16,22,30,34,30,32,26,25,31,31,23,19,20,15,11,4.4
227,桃園市,觀音區,觀音,2016/7/18,懸浮微粒 PM 10  (μg/m 3 ),43,41,45,42,45,38,36,37,41,41,44,44,41,39,33,36,29,34,37,41,31,33,32,41
228,桃園市,觀音區,觀音,2016/7/18,氮氧化物 NOx (ppb),16,26,17,19,18,16,8.4,13,12,8.8,6.1,7.3,5.8,3.6,3.6,3.9,6.9,8.2,4.5,4.1,5.7,12,13,21
229,桃園市,觀音區,觀音,2016/7/18,風速 WIND_SPEED (m/sec),0.7,1.2,1.3,1.9,1.5,1.5,1.8,2.6,3.5,4.6,6.3,7.3,6.6,1.2,3.6,2.7,3.1,5,4.3,3.7,2.5,2.6,1.2,1.2
230,桃園市,觀音區,觀音,2016/7/18,溫度 AMB_TEMP (℃),29,29,29,28,28,28,28,30,31,32,33,33,33,31,32,32,32,31,30,29,29,29,29,29
231,桃園市,觀音區,觀音,2016/7/18,風向 WIND_DIREC (degrees),111,146,95,127,206,195,192,210,235,253,248,252,255,201,199,221,227,247,245,240,237,246,124,85
232,桃園市,觀音區,觀音,2016/7/18,小時風速值 WS_HR (m/sec),0.6,0.9,0.9,1.6,1,1.2,1.8,2.3,2.8,3.9,5.2,6.4,6.7,2.8,,3.4,2.8,3.7,4.1,3.7,3,1.8,1.6,0.9
233,桃園市,觀音區,觀音,2016/7/18,酸雨 PH_RAIN (pH),0,0,0,0,0,0,0,0,0,0,0,0,0,0,0,0,0,0,0,0,0,0,0,0
234,桃園市,觀音區,觀音,2016/7/18,導電度 RAIN_COND (μmho/cm),0,0,0,0,0,0,0,0,0,0,0,0,0,0,0,0,0,0,0,0,0,0,0,0
235,桃園市,觀音區,觀音,2016/7/18,降雨強度 RAIN_INT (㎜),0,0,0,0,0,0,0,0,0,0,0,0,0,0,0,0,0,0,0,0,0,0,0,0
236,桃園市,觀音區,觀音,2016/7/18,小時風向值 WD_HR (degrees),130,108,105,123,178,192,226,201,227,246,250,250,255,242,,236,229,244,247,241,241,234,222,129
237,桃園市,觀音區,觀音,2016/7/18,一氧化氮 NO (ppb),0.6,1,1.7,1.7,1.3,1.4,1.6,4.3,4,2.8,1.4,1.6,1.3,0.7,0.8,0.8,0.9,1,0.5,0.4,0.3,0.4,0.4,0.9
238,桃園市,觀音區,觀音,2016/7/18,細懸浮微粒 PM 2.5  (μg/m 3 ),11,15,17,15,15,11,14,15,17,16,15,17,16,17,13,15,15,18,18,17,11,11,11,16
239,桃園市,觀音區,觀音,2016/7/17,細懸浮微粒 PM 2.5  (μg/m 3 ),21,22,16,18,18,24,19,18,10,10,14,18,22,14,18,15,18,14,17,16,19,14,13,10
240,桃園市,觀音區,觀音,2016/7/17,二氧化氮 NO2 (ppb),10,10,12,11,15,16,9.9,7.3,5.2,5.1,6.3,2.8,2.1,2.1,1.8,1.8,2.2,2.6,3.9,6.3,5.6,4.1,4.9,9.9
241,桃園市,觀音區,觀音,2016/7/17,相對濕度 RH (percent),87,85,87,85,82,82,81,75,70,70,67,66,65,63,65,73,75,75,77,75,77,83,85,84
242,桃園市,觀音區,觀音,2016/7/17,一氧化碳 CO (ppm),0.19,0.2,0.18,0.19,0.2,0.2,0.18,0.15,0.14,0.16,0.17,0.13,0.1,0.1,0.09,0.1,0.11,0.1,0.11,0.15,0.15,0.12,0.12,0.18
243,桃園市,觀音區,觀音,2016/7/17,臭氧 O3 (ppb),5.3,7.8,5.4,5.6,2.4,2.8,8.2,13,19,23,22,27,24,23,24,25,24,22,19,17,20,24,20,13
244,桃園市,觀音區,觀音,2016/7/17,懸浮微粒 PM 10  (μg/m 3 ),49,48,44,32,33,35,41,36,35,31,27,26,27,38,42,43,38,39,40,48,48,49,42,41
245,桃園市,觀音區,觀音,2016/7/17,氮氧化物 NOx (ppb),11,11,13,12,15,18,13,11,7.9,7.3,9.7,3.9,3,2.9,2.5,2.4,2.8,3.2,4.5,6.9,6.2,4.5,5.3,10
246,桃園市,觀音區,觀音,2016/7/17,風速 WIND_SPEED (m/sec),2.8,3.3,3.2,3,2.8,2.5,3.4,5.1,5.7,6.8,7.6,6.8,6.8,7,5.5,4,3,2,2,2.2,1.7,1.4,1.1,0.8
247,桃園市,觀音區,觀音,2016/7/17,導電度 RAIN_COND (μmho/cm),0,0,0,0,0,0,0,0,0,0,0,0,0,0,0,0,0,0,0,0,0,0,0,0
248,桃園市,觀音區,觀音,2016/7/17,溫度 AMB_TEMP (℃),29,29,29,29,29,28,29,30,32,32,33,33,33,34,33,32,31,31,30,30,,29,29,29
249,桃園市,觀音區,觀音,2016/7/17,風向 WIND_DIREC (degrees),227,237,223,222,230,223,227,237,240,237,250,254,248,252,245,249,240,212,224,258,250,240,235,188
250,桃園市,觀音區,觀音,2016/7/17,小時風速值 WS_HR (m/sec),2.9,3.4,3.4,3,2.7,2.7,2.9,4.1,5.5,6,6.7,7,7.1,6.5,5.8,4.5,3.6,2.3,1.6,1.7,1.8,1.3,1,0.9
251,桃園市,觀音區,觀音,2016/7/17,酸雨 PH_RAIN (pH),0,0,0,0,0,0,0,0,0,0,0,0,0,0,0,0,0,0,0,0,0,0,0,0
252,桃園市,觀音區,觀音,2016/7/17,降雨強度 RAIN_INT (㎜),0,0,0,0,0,0,0,0,0,0,0,0,0,0,0,0,0,0,0,0,0,0,0,0
253,桃園市,觀音區,觀音,2016/7/17,小時風向值 WD_HR (degrees),232,242,227,226,221,230,215,236,241,243,247,252,250,253,250,244,243,228,218,244,245,218,248,193
254,桃園市,觀音區,觀音,2016/7/17,一氧化氮 NO (ppb),0.7,0.8,0.8,0.6,0.9,1.9,3.3,3.8,2.7,2.2,3.4,1,0.9,0.8,0.7,0.7,0.6,0.6,0.5,0.7,0.5,0.5,0.4,0.4
255,桃園市,觀音區,觀音,2016/7/17,二氧化硫 SO2 (ppb),,,,,,,,,,,,,,,0.7,1.1,1,1.1,1.9,2.1,1.3,1.4,1.6,2.3
256,桃園市,觀音區,觀音,2016/7/16,二氧化硫 SO2 (ppb),2,3.1,3.6,4,,,,,,,,,,,,,,,,,,,,
257,桃園市,觀音區,觀音,2016/7/16,二氧化氮 NO2 (ppb),9.4,9.4,7.5,10,12,9.7,8.3,6.9,5.6,4.8,4.2,4.8,2.7,1.7,1.7,1.9,1.7,2,7.6,9.6,7.3,6.6,8.8,10
258,桃園市,觀音區,觀音,2016/7/16,相對濕度 RH (percent),80,82,84,84,83,82,79,75,77,74,69,66,63,64,68,69,65,62,67,79,81,82,83,86
259,桃園市,觀音區,觀音,2016/7/16,一氧化碳 CO (ppm),0.13,0.13,0.17,0.18,0.15,0.13,0.15,0.15,0.18,0.19,0.18,0.18,0.1,0.09,0.08,0.08,0.09,0.1,0.18,0.22,0.17,0.15,0.16,0.18
260,桃園市,觀音區,觀音,2016/7/16,臭氧 O3 (ppb),6.8,7.4,7.7,6.3,4.6,7.7,10,15,19,23,27,30,23,23,23,25,24,20,19,17,19,17,11,8.5
261,桃園市,觀音區,觀音,2016/7/16,懸浮微粒 PM 10  (μg/m 3 ),38,31,36,38,43,42,44,39,39,32,43,48,56,51,46,43,48,45,50,56,64,65,55,49
262,桃園市,觀音區,觀音,2016/7/16,氮氧化物 NOx (ppb),10,10,8,11,13,11,11,11,8.7,7.1,5.8,6.6,3.9,2.5,2.6,2.8,2.6,2.7,8.7,10,7.9,7.3,9.3,11
263,桃園市,觀音區,觀音,2016/7/16,風速 WIND_SPEED (m/sec),5.7,6.2,5.5,5.6,4.3,4.4,5.8,4.3,0.4,0.4,0.4,0.4,0.4,,8.8,8,8.3,5.1,2.9,4.1,3.9,4.3,3.8,3.8
264,桃園市,觀音區,觀音,2016/7/16,溫度 AMB_TEMP (℃),29,29,29,29,28,28,29,30,31,32,32,33,33,33,33,32,32,32,31,30,30,,30,29
265,桃園市,觀音區,觀音,2016/7/16,風向 WIND_DIREC (degrees),248,244,241,239,241,230,228,247,246,243,242,253,249,201,242,243,247,241,247,248,242,240,230,241
266,桃園市,觀音區,觀音,2016/7/16,小時風速值 WS_HR (m/sec),6.1,6.2,5.5,5.3,4.5,4.3,5.2,5,0.4,0.4,0.4,0.4,0.4,,,8.3,8.1,6.2,3.8,3.6,4,4.4,4.3,3.5
267,桃園市,觀音區,觀音,2016/7/16,酸雨 PH_RAIN (pH),0,0,0,0,0,0,0,0,0,0,0,0,0,0,0,0,0,0,0,0,0,0,0,0
268,桃園市,觀音區,觀音,2016/7/16,導電度 RAIN_COND (μmho/cm),0,0,0,0,0,0,0,0,0,0,0,0,0,0,0,0,0,0,0,0,0,0,0,0
269,桃園市,觀音區,觀音,2016/7/16,降雨強度 RAIN_INT (㎜),0,0,0,0,0,0,0,0,0,0,0,0,0,0,0,0,0,0,0,0,0,0,0,0
270,桃園市,觀音區,觀音,2016/7/16,小時風向值 WD_HR (degrees),246,247,240,237,238,234,233,236,244,246,242,248,253,230,240,246,246,242,240,247,244,243,239,243
271,桃園市,觀音區,觀音,2016/7/16,一氧化氮 NO (ppb),0.7,0.6,0.5,0.7,0.9,0.9,3.1,3.7,3.2,2.3,1.7,1.8,1.2,0.8,0.9,0.9,0.9,0.7,1.1,0.8,0.6,0.6,0.5,0.6
272,桃園市,觀音區,觀音,2016/7/16,細懸浮微粒 PM 2.5  (μg/m 3 ),11,11,9,6,9,11,15,11,12,12,15,20,14,18,15,20,14,11,9,15,20,24,20,20
273,桃園市,觀音區,觀音,2016/7/15,二氧化硫 SO2 (ppb),2.3,2,1.7,1.5,2.9,3.1,3.6,3.3,3.8,3.6,2.3,2,1.5,1.4,1.5,1.4,1.3,1.7,2.4,1.6,1.7,2.8,2.6,1.8
274,桃園市,觀音區,觀音,2016/7/15,二氧化氮 NO2 (ppb),5.6,3.8,6.2,11,9.2,8.3,7.7,7.1,6.6,6.1,3.7,2.8,2,1.7,1.7,1.9,1.9,2.7,5.3,4.2,3,11,11,12
275,桃園市,觀音區,觀音,2016/7/15,相對濕度 RH (percent),73,76,76,78,81,80,80,76,73,73,73,70,71,69,71,72,71,77,82,81,78,77,81,79
276,桃園市,觀音區,觀音,2016/7/15,一氧化碳 CO (ppm),0.1,0.09,0.12,0.11,0.21,0.15,0.17,0.19,0.19,0.16,0.11,0.1,0.09,0.08,0.08,0.08,0.09,0.1,0.1,0.09,0.11,0.19,0.16,0.14
277,桃園市,觀音區,觀音,2016/7/15,臭氧 O3 (ppb),15,16,13,10,11,11,12,15,21,27,28,30,25,23,25,24,23,24,18,17,14,5.5,5.5,4.3
278,桃園市,觀音區,觀音,2016/7/15,懸浮微粒 PM 10  (μg/m 3 ),40,42,50,50,40,37,34,39,42,44,51,47,51,45,46,38,45,47,50,34,28,36,45,47
279,桃園市,觀音區,觀音,2016/7/15,氮氧化物 NOx (ppb),6,4.2,6.6,11,9.8,9.1,10,11,9.8,9,5.1,4,2.9,2.6,2.3,2.6,2.8,3.6,6.2,5,3.6,12,12,13
280,桃園市,觀音區,觀音,2016/7/15,風速 WIND_SPEED (m/sec),5,5.3,5.5,5.5,5.5,5.9,5.9,5.8,7.6,7.4,4.9,6.2,3.6,7,5.8,0.4,0.4,6.2,4.4,5.7,5,5.3,6.1,6.1
281,桃園市,觀音區,觀音,2016/7/15,溫度 AMB_TEMP (℃),30,29,29,29,29,29,29,30,31,31,32,32,32,32,32,32,32,31,30,29,29,29,29,29
282,桃園市,觀音區,觀音,2016/7/15,風向 WIND_DIREC (degrees),238,246,246,251,253,249,242,246,246,252,248,256,250,252,252,254,259,251,247,243,233,240,244,245
283,桃園市,觀音區,觀音,2016/7/15,小時風速值 WS_HR (m/sec),5,4.9,5.6,5.4,5.6,5.9,5.8,5.8,7,6.7,6.5,5.4,6,4.3,4.6,1.4,2.7,1.5,4.2,5.6,5.1,4.5,5.9,6
284,桃園市,觀音區,觀音,2016/7/15,酸雨 PH_RAIN (pH),0,0,0,0,0,0,0,0,0,0,0,0,0,0,0,0,0,0,0,0,0,0,0,0
285,桃園市,觀音區,觀音,2016/7/15,導電度 RAIN_COND (μmho/cm),0,0,0,0,0,0,0,0,0,0,0,0,0,0,0,0,0,0,0,0,0,0,0,0
286,桃園市,觀音區,觀音,2016/7/15,降雨強度 RAIN_INT (㎜),0,0,0,0,0,0,0,0,0,0,0,0,0,0,0,0,0,0,0,0,0,0,0,0
287,桃園市,觀音區,觀音,2016/7/15,小時風向值 WD_HR (degrees),239,244,244,249,252,250,246,243,248,248,248,255,254,254,253,255,252,252,248,243,237,242,243,245
288,桃園市,觀音區,觀音,2016/7/15,一氧化氮 NO (ppb),0.5,0.4,0.5,0.8,0.6,0.8,2.5,3.8,3.2,2.8,1.4,1.1,0.9,0.8,0.7,0.7,0.9,1,0.9,0.8,0.5,0.8,0.7,0.7
289,桃園市,觀音區,觀音,2016/7/15,細懸浮微粒 PM 2.5  (μg/m 3 ),8,10,11,6,15,13,21,14,15,11,17,20,22,12,10,14,15,21,15,13,6,9,12,12
290,桃園市,觀音區,觀音,2016/7/14,二氧化硫 SO2 (ppb),1.3,1.7,2.7,3.2,4.2,3.1,3.1,2.5,3.8,5.5,3.4,2.4,2.3,1.7,1.6,2,2.3,2.1,2.2,1.5,1.3,1.7,1.9,2
291,桃園市,觀音區,觀音,2016/7/14,細懸浮微粒 PM 2.5  (μg/m 3 ),20,19,9,11,9,8,10,10,23,40,37,34,13,17,11,15,15,13,13,12,11,14,10,11
292,桃園市,觀音區,觀音,2016/7/14,相對濕度 RH (percent),82,84,84,85,85,87,84,79,75,70,70,71,70,69,70,73,78,82,85,84,79,78,76,75
293,桃園市,觀音區,觀音,2016/7/14,一氧化碳 CO (ppm),0.13,0.14,0.18,0.19,0.17,0.17,0.19,0.18,0.23,0.23,0.11,0.1,0.09,0.07,0.07,0.07,0.06,0.08,0.07,0.07,0.07,0.08,0.12,0.12
294,桃園市,觀音區,觀音,2016/7/14,臭氧 O3 (ppb),13,13,7.8,3.3,5.1,4.8,9.4,15,18,22,35,,33,30,28,28,30,24,22,21,20,17,13,12
295,桃園市,觀音區,觀音,2016/7/14,懸浮微粒 PM 10  (μg/m 3 ),39,40,36,31,33,34,41,41,41,40,37,34,40,39,41,30,31,35,48,50,45,37,41,40
296,桃園市,觀音區,觀音,2016/7/14,氮氧化物 NOx (ppb),6.3,6.9,11,18,14,15,13,11,12,13,7.5,5.4,4.6,4.8,9.6,3.5,4,4.1,4.6,3.3,2.6,3.3,6.3,7.5
297,桃園市,觀音區,觀音,2016/7/14,風速 WIND_SPEED (m/sec),4.2,3.7,4,3.4,2.3,2.7,3.6,5.1,5.5,7,6,7.4,6.3,7.9,7.2,7.4,7.7,7.7,7.3,6.6,7.6,6.4,4.6,5
298,桃園市,觀音區,觀音,2016/7/14,溫度 AMB_TEMP (℃),29,29,29,28,28,28,29,30,31,32,32,32,33,33,33,32,31,30,30,29,30,30,30,29
299,桃園市,觀音區,觀音,2016/7/14,風向 WIND_DIREC (degrees),240,238,238,230,237,225,242,245,251,252,256,250,254,252,253,248,248,248,245,248,242,242,243,238
300,桃園市,觀音區,觀音,2016/7/14,小時風速值 WS_HR (m/sec),4.2,3.3,3.8,3.6,2.7,2.5,2.9,4.2,5.5,5.8,6.4,7.1,6.5,7.4,7,7.3,7.3,7.3,7,6.4,7.2,7,5.5,4.6
301,桃園市,觀音區,觀音,2016/7/14,酸雨 PH_RAIN (pH),0,0,0,0,0,0,0,0,0,0,0,0,0,0,0,0,0,0,0,0,0,0,0,0
302,桃園市,觀音區,觀音,2016/7/14,導電度 RAIN_COND (μmho/cm),0,0,0,0,0,0,0,0,0,0,0,0,0,0,0,0,0,0,0,0,0,0,0,0
303,桃園市,觀音區,觀音,2016/7/14,降雨強度 RAIN_INT (㎜),0,0,0,0,0,0,0,0,0,0,0,0,0,0,0,0,0,0,0,0,0,0,0,0
304,桃園市,觀音區,觀音,2016/7/14,小時風向值 WD_HR (degrees),242,238,237,235,233,227,235,242,249,251,254,252,252,255,256,251,251,251,246,248,247,241,234,236
305,桃園市,觀音區,觀音,2016/7/14,一氧化氮 NO (ppb),0.5,0.5,0.6,0.7,0.7,1.4,3.1,3.8,4,4.4,2.1,1,0.9,1.2,3,1,1,0.8,0.9,0.7,0.6,0.6,0.6,0.5
306,桃園市,觀音區,觀音,2016/7/14,二氧化氮 NO2 (ppb),5.8,6.4,10,17,13,14,9.7,7.5,8,8.3,5.4,4.4,3.7,3.6,6.6,2.5,3,3.2,3.7,2.6,2.1,2.7,5.7,7
307,桃園市,觀音區,觀音,2016/7/13,二氧化硫 SO2 (ppb),4.5,4.2,3.5,3,2,1.5,1.9,2.7,2.3,2,2.6,3.4,1.8,2.3,1.8,1,1.2,1.7,1.6,1.6,1.7,1.7,2.4,1.8
308,桃園市,觀音區,觀音,2016/7/13,二氧化氮 NO2 (ppb),7,8.7,6.4,6,6.7,7.3,6.1,8.3,5.7,4.8,5,5.4,10,17,3.2,1.6,1.9,2.8,3.4,3.4,3.6,3.2,6.4,7.8
309,桃園市,觀音區,觀音,2016/7/13,相對濕度 RH (percent),83,84,73,76,79,78,75,71,67,64,64,62,64,65,66,69,72,71,78,84,86,85,86,86
310,桃園市,觀音區,觀音,2016/7/13,一氧化碳 CO (ppm),0.14,0.16,0.11,0.12,0.11,0.11,0.12,0.14,0.13,0.14,0.16,0.17,0.12,0.12,0.09,0.1,0.11,0.11,0.11,0.1,0.09,0.1,0.12,0.12
311,桃園市,觀音區,觀音,2016/7/13,臭氧 O3 (ppb),14,13,22,21,19,18,19,19,25,31,38,41,38,38,31,32,28,32,27,24,26,21,14,12
312,桃園市,觀音區,觀音,2016/7/13,懸浮微粒 PM 10  (μg/m 3 ),27,29,31,31,33,29,29,40,38,31,24,30,37,32,38,37,49,37,39,31,37,33,32,36
313,桃園市,觀音區,觀音,2016/7/13,氮氧化物 NOx (ppb),7.5,9.3,7,6.5,7.1,7.9,7.6,12,8.7,6.6,6.5,6.9,14,24,4.5,2.5,2.7,3.6,4.1,4,4.2,3.8,7,8.2
314,桃園市,觀音區,觀音,2016/7/13,風速 WIND_SPEED (m/sec),3.6,3.7,5.6,5.4,4.1,3.8,4.3,5.5,6.8,5.2,5.7,7,8.4,6.6,7.3,6.3,7.1,5.3,5.4,5.2,4.7,5.1,4.3,4.3
315,桃園市,觀音區,觀音,2016/7/13,溫度 AMB_TEMP (℃),28,28,29,29,28,28,29,30,31,32,33,33,33,33,33,32,32,31,30,29,29,29,29,29
316,桃園市,觀音區,觀音,2016/7/13,風向 WIND_DIREC (degrees),238,233,244,243,231,227,235,248,242,256,256,253,256,251,249,249,249,249,248,246,242,240,239,246
317,桃園市,觀音區,觀音,2016/7/13,小時風速值 WS_HR (m/sec),3.3,3.7,4.9,5.6,4.5,4,4.1,4.6,6.1,5.5,5.8,6,7.1,6.6,6.8,6.8,6.4,6.1,5.2,5.4,4.7,4.7,4.2,4.3
318,桃園市,觀音區,觀音,2016/7/13,酸雨 PH_RAIN (pH),0,0,0,0,0,0,0,0,0,0,0,0,0,0,0,0,0,0,0,0,0,0,0,0
319,桃園市,觀音區,觀音,2016/7/13,導電度 RAIN_COND (μmho/cm),0,0,0,0,0,0,0,0,0,0,0,0,0,0,0,0,0,0,0,0,0,0,0,0
320,桃園市,觀音區,觀音,2016/7/13,降雨強度 RAIN_INT (㎜),0,0,0,0,0,0,0,0,0,0,0,0,0,0,0,0,0,0,0,0,0,0,0,0
321,桃園市,觀音區,觀音,2016/7/13,小時風向值 WD_HR (degrees),235,230,235,244,235,229,233,244,244,247,249,252,254,255,252,251,248,248,248,250,245,239,242,245
322,桃園市,觀音區,觀音,2016/7/13,一氧化氮 NO (ppb),0.5,0.6,0.6,0.5,0.4,0.6,1.6,3.6,3,1.8,1.5,1.5,4.3,7.2,1.2,0.9,0.8,0.8,0.7,0.6,0.6,0.5,0.6,0.4
323,桃園市,觀音區,觀音,2016/7/13,細懸浮微粒 PM 2.5  (μg/m 3 ),7,9,3,6,8,11,14,10,8,6,5,41*,41x,46*,14,18,13,15,7,12,8,8,8,20
324,桃園市,觀音區,觀音,2016/7/12,二氧化硫 SO2 (ppb),2.4,2.5,2.3,1.8,2.7,2.5,1.9,2.4,2.5,2.1,1.9,2.9,3.5,3.1,3.1,3.7,3.2,2.3,2.5,1.7,2,3,1.9,2.1
325,桃園市,觀音區,觀音,2016/7/12,二氧化氮 NO2 (ppb),7.2,3.9,4.7,8.2,6.9,9.3,9.1,11,8.6,6.1,5.1,5.6,5.1,4.7,4.6,5.3,5.7,4.3,5.3,5.5,4.6,7.1,6.9,7.3
326,桃園市,觀音區,觀音,2016/7/12,相對濕度 RH (percent),78,77,78,79,74,75,74,71,68,62,65,65,65,65,67,68,67,73,81,72,71,72,71,76
327,桃園市,觀音區,觀音,2016/7/12,一氧化碳 CO (ppm),0.11,0.07,0.07,0.1,0.1,0.13,0.15,0.2,0.17,0.15,0.15,0.16,0.17,0.14,0.16,0.15,0.15,0.13,0.13,0.11,0.1,0.11,0.14,0.13
328,桃園市,觀音區,觀音,2016/7/12,臭氧 O3 (ppb),15,20,16,12,15,12,13,14,19,34,43,47,50,48,46,39,44,48,23,22,20,18,17,16
329,桃園市,觀音區,觀音,2016/7/12,懸浮微粒 PM 10  (μg/m 3 ),28,23,17,18,16,25,27,40,35,39,35,40,48,48,52,41,45,41,41,36,28,24,19,22
330,桃園市,觀音區,觀音,2016/7/12,氮氧化物 NOx (ppb),7.9,4.6,5.4,8.8,7.5,10,12,15,12,8.5,6.3,6.7,6.1,5.8,5.7,6.7,7.2,5.2,6,6,5.1,7.5,7.3,7.8
331,桃園市,觀音區,觀音,2016/7/12,風速 WIND_SPEED (m/sec),4.5,3.6,1.2,2,2.9,1.4,1.6,2.5,3.5,4.6,2.8,1.4,0.4,0.4,0.4,1.4,5,0.5,0.5,4.9,3.2,2.9,2,2.5
332,桃園市,觀音區,觀音,2016/7/12,溫度 AMB_TEMP (℃),28,28,28,28,28,28,29,30,30,33,33,33,33,33,32,32,32,31,29,29,29,29,29,29
333,桃園市,觀音區,觀音,2016/7/12,風向 WIND_DIREC (degrees),235,225,182,198,241,192,184,218,203,250,253,246,255,254,252,249,254,249,238,234,213,201,242,232
334,桃園市,觀音區,觀音,2016/7/12,小時風速值 WS_HR (m/sec),3.1,4.3,2,1.8,2.5,1.6,0.9,1.5,3,3.2,5.3,0.9,0.6,0.4,0.5,0.5,4,3.8,0.9,2.2,3.8,2.9,1.5,2.3
335,桃園市,觀音區,觀音,2016/7/12,酸雨 PH_RAIN (pH),0,0,0,0,0,0,0,0,0,0,0,0,0,0,0,0,0,0,0,0,0,0,0,0
336,桃園市,觀音區,觀音,2016/7/12,導電度 RAIN_COND (μmho/cm),0,0,0,0,0,0,0,0,0,0,0,0,0,0,0,0,0,0,0,0,0,0,0,0
337,桃園市,觀音區,觀音,2016/7/12,降雨強度 RAIN_INT (㎜),0,0,0,0,0,0,0,0,0,0,0,0,0,0,0,0,0,0,0,0,0,0,0,0
338,桃園市,觀音區,觀音,2016/7/12,小時風向值 WD_HR (degrees),224,229,199,191,226,208,187,205,215,233,251,250,252,256,252,250,251,252,241,235,229,213,211,232
339,桃園市,觀音區,觀音,2016/7/12,一氧化氮 NO (ppb),0.7,0.7,0.7,0.7,0.6,0.7,2.5,4.4,3.7,2.5,1.3,1.1,1.1,1.1,1,1.4,1.5,0.9,0.7,0.5,0.5,0.4,0.4,0.5
340,桃園市,觀音區,觀音,2016/7/12,細懸浮微粒 PM 2.5  (μg/m 3 ),8,6,7,2,8,13,13,14,11,11,11,7,26,24,27,8,12,15,18,9,3,6,6,11
341,桃園市,觀音區,觀音,2016/7/11,二氧化硫 SO2 (ppb),1.6,3.8,2.7,3.8,4,2.8,2.5,3.2,3,2.6,2.6,1.7,1.4,2,,1.6,1.8,2.4,2.2,3.1,3.1,2.9,2.5,2.1
342,桃園市,觀音區,觀音,2016/7/11,二氧化氮 NO2 (ppb),8.9,11,11,16,17,12,9,9.1,9.2,8.2,5.3,3.1,2.6,2.9,,,5,4.3,10,22,19,14,10,7.4
343,桃園市,觀音區,觀音,2016/7/11,相對濕度 RH (percent),79,80,77,78,80,78,76,72,67,64,74,73,69,63,70,85,76,72,74,81,81,79,80,80
344,桃園市,觀音區,觀音,2016/7/11,一氧化碳 CO (ppm),0.21,0.21,0.2,0.21,0.25,0.2,0.16,0.17,0.19,0.19,0.15,0.1,0.1,0.13,,0.09,0.11,0.1,0.21,0.4,0.35,0.25,0.17,0.13
345,桃園市,觀音區,觀音,2016/7/11,臭氧 O3 (ppb),19,14,18,14,9.3,14,17,19,24,34,35,34,31,,29,27,31,24,19,16,15,13,13,14
346,桃園市,觀音區,觀音,2016/7/11,懸浮微粒 PM 10  (μg/m 3 ),36,33,35,30,33,32,41,37,28,23,27,34,33,,34,31,29,25,26,36,34,33,28,28
347,桃園市,觀音區,觀音,2016/7/11,氮氧化物 NOx (ppb),10,12,13,17,18,13,10,12,13,11,6.6,3.8,3.3,3.8,,,6.2,5.4,11,23,20,15,11,8
348,桃園市,觀音區,觀音,2016/7/11,風速 WIND_SPEED (m/sec),1.2,1.4,2.1,2.1,0.9,1.6,1.4,2.9,1.3,4.6,6.5,5.9,6.8,6.6,6.7,7.2,6.5,4.6,1.4,0.6,1.8,2.6,3.2,3
349,桃園市,觀音區,觀音,2016/7/11,溫度 AMB_TEMP (℃),29,29,29,28,28,28,29,30,31,32,31,31,32,33,31,28,29,29,29,29,29,29,28,28
350,桃園市,觀音區,觀音,2016/7/11,風向 WIND_DIREC (degrees),214,175,193,124,213,209,203,202,175,252,252,246,248,250,247,249,247,233,114,170,252,223,222,218
351,桃園市,觀音區,觀音,2016/7/11,小時風速值 WS_HR (m/sec),0.3,1.6,1.8,1.8,0.6,1.1,2.1,2.2,2,2.5,5.6,5.8,6.5,6.3,6.3,6.5,6.9,4.9,1.7,0.6,0.8,1.9,2.7,3.2
352,桃園市,觀音區,觀音,2016/7/11,酸雨 PH_RAIN (pH),0,0,0,0,0,0,0,0,0,0,0,0,0,0,0,0,0,0,0,0,0,0,,0
353,桃園市,觀音區,觀音,2016/7/11,導電度 RAIN_COND (μmho/cm),0,0,0,0,0,0,0,0,0,0,0,0,0,0,0,0,0,0,0,0,0,0,,0
354,桃園市,觀音區,觀音,2016/7/11,降雨強度 RAIN_INT (㎜),0,0,0,0,0,0,0,0,0,0,0,0,0,0,0,0,0,0,0,0,0,0,,0
355,桃園市,觀音區,觀音,2016/7/11,小時風向值 WD_HR (degrees),137,208,182,126,180,205,209,208,216,237,253,246,247,251,247,248,243,239,190,170,237,225,222,219
356,桃園市,觀音區,觀音,2016/7/11,一氧化氮 NO (ppb),1.3,1.3,1.4,1.1,0.9,0.5,1,3,3.5,2.6,1.3,0.7,0.7,0.9,,,1.2,1.1,1,1.2,1.1,1,0.7,0.6
357,桃園市,觀音區,觀音,2016/7/11,細懸浮微粒 PM 2.5  (μg/m 3 ),11,10,9,13,13,19,12,13,10,14,8,5,1,,18,17,20,8,11,11,11,11,12,7
358,桃園市,觀音區,觀音,2016/7/10,二氧化硫 SO2 (ppb),3.6,2.6,3.3,3.4,2.6,3.1,3.9,3.5,2,3.4,3.6,2.3,2.3,2,1.7,1.1,1.4,1.4,1.7,2.3,2.6,3,1.8,1.7
359,桃園市,觀音區,觀音,2016/7/10,二氧化氮 NO2 (ppb),24,19,18,25,23,28,24,9.5,6.4,10,13,6.8,3.8,3.7,3.1,3.1,9,13,14,19,15,11,8.7,8.8
360,桃園市,觀音區,觀音,2016/7/10,相對濕度 RH (percent),89,91,91,91,92,91,86,79,69,70,77,74,76,73,69,71,77,82,82,84,86,81,80,77
361,桃園市,觀音區,觀音,2016/7/10,一氧化碳 CO (ppm),0.3,0.29,0.31,0.33,0.35,0.36,0.32,0.25,0.2,0.29,0.26,0.19,0.2,0.2,0.17,0.15,0.23,0.29,0.27,0.3,0.33,0.24,0.22,0.22
362,桃園市,觀音區,觀音,2016/7/10,臭氧 O3 (ppb),9.8,8.1,4.8,2.9,1.8,1.8,7.5,18,30,41,48,56,53,52,56,53,40,30,28,22,20,25,23,22
363,桃園市,觀音區,觀音,2016/7/10,懸浮微粒 PM 10  (μg/m 3 ),41,46,35,33,30,38,39,40,36,39,38,40,44,38,36,28,28,22,25,30,35,41,43,44
364,桃園市,觀音區,觀音,2016/7/10,氮氧化物 NOx (ppb),25,20,20,29,26,37,38,15,9.7,13,16,9.1,5.3,4.9,4.5,4.3,11,15,16,20,16,13,10,9.9
365,桃園市,觀音區,觀音,2016/7/10,風速 WIND_SPEED (m/sec),0.9,1.1,1.4,0.9,1,1.2,1.3,1.8,1.2,2.1,2.6,1.6,7.1,6.6,4.8,4.7,3.8,3.1,2.2,2.9,3.5,1.5,0.6,0.7
366,桃園市,觀音區,觀音,2016/7/10,溫度 AMB_TEMP (℃),28,28,27,27,27,27,28,30,32,32,31,31,32,32,33,32,30,29,28,28,27,28,28,29
367,桃園市,觀音區,觀音,2016/7/10,風向 WIND_DIREC (degrees),251,147,101,237,119,102,206,194,99,69,41,274,253,251,238,248,106,109,105,110,116,125,136,211
368,桃園市,觀音區,觀音,2016/7/10,小時風速值 WS_HR (m/sec),0.7,0.2,0.9,0.5,0.8,1.5,1.2,0.7,1.1,0.6,1.6,1.1,4.6,6.3,5.8,4.9,2.4,3.3,2.4,2.6,3.2,2.5,1.1,0.8
369,桃園市,觀音區,觀音,2016/7/10,酸雨 PH_RAIN (pH),0,0,0,0,0,0,0,0,0,0,0,0,0,0,0,0,0,0,0,0,0,0,0,0
370,桃園市,觀音區,觀音,2016/7/10,導電度 RAIN_COND (μmho/cm),0,0,0,0,0,0,0,0,0,0,0,0,0,0,0,0,0,0,0,0,0,0,0,0
371,桃園市,觀音區,觀音,2016/7/10,降雨強度 RAIN_INT (㎜),0,0,0,0,0,0,0,0,0,0,0,0,0,0,0,0,0,0,0,0,0,0,0,0
372,桃園市,觀音區,觀音,2016/7/10,小時風向值 WD_HR (degrees),117,208,107,156,114,109,122,188,174,85,44,32,253,253,246,246,123,100,107,112,114,116,218,211
373,桃園市,觀音區,觀音,2016/7/10,一氧化氮 NO (ppb),0.8,0.6,1.2,3.5,3.1,8.8,14,5.2,3.2,2.6,2.7,2.2,1.5,1.3,1.3,1.2,1.6,2.1,1.8,1.5,1.3,1.4,1.3,1.2
374,桃園市,觀音區,觀音,2016/7/10,細懸浮微粒 PM 2.5  (μg/m 3 ),9,8,7,9,12,11,9,11,8,12,12,17,18,14,11,11,10,11,9,11,13,10,10,8
375,桃園市,觀音區,觀音,2016/7/9,二氧化硫 SO2 (ppb),1.9,2,2.5,3.8,4.1,3.9,4.2,4.8,3.3,3.1,3.3,2.2,1.5,2.9,1.9,1.7,1.6,1.6,1.7,2.2,2.8,4.1,3,3.5
376,桃園市,觀音區,觀音,2016/7/9,二氧化氮 NO2 (ppb),4.7,8.4,8.2,14,14,15,16,15,9.9,9.5,9,7.2,4.9,5.6,5.4,8.8,7,11,12,23,18,17,21,19
377,桃園市,觀音區,觀音,2016/7/9,相對濕度 RH (percent),80,88,89,90,91,90,90,89,84,76,69,72,75,71,67,85,88,90,92,92,91,89,88,88
378,桃園市,觀音區,觀音,2016/7/9,一氧化碳 CO (ppm),0.11,0.11,0.13,0.25,0.27,0.25,0.27,0.32,0.23,0.19,0.17,0.17,0.14,0.13,0.16,0.15,0.15,0.22,0.21,0.25,0.26,0.28,0.27,0.27
379,桃園市,觀音區,觀音,2016/7/9,臭氧 O3 (ppb),22,9.7,6.3,3.5,1.6,1.5,1.7,4.6,11,15,23,25,29,36,41,35,30,23,19,12,16,17,18,16
380,桃園市,觀音區,觀音,2016/7/9,懸浮微粒 PM 10  (μg/m 3 ),36,31,24,21,27,33,35,35,40,39,48,46,45,40,38,45,39,38,33,30,33,32,37,42
381,桃園市,觀音區,觀音,2016/7/9,氮氧化物 NOx (ppb),5.8,9.5,9.5,15,16,17,24,25,17,15,13,10,5.9,6.6,6.4,9.7,7.5,12,13,24,19,18,21,19
382,桃園市,觀音區,觀音,2016/7/9,風速 WIND_SPEED (m/sec),2.3,1.2,2,0.9,1,1.1,1.3,1.5,1.3,2.3,5.3,4.4,2.4,1.7,2.4,2,1.2,0.5,0.8,1.9,2.6,2.4,2.8,1.9
383,桃園市,觀音區,觀音,2016/7/9,溫度 AMB_TEMP (℃),29,27,27,27,27,27,27,28,29,31,32,32,31,32,33,29,28,28,27,27,28,28,28,28
384,桃園市,觀音區,觀音,2016/7/9,風向 WIND_DIREC (degrees),246,209,259,129,208,229,171,130,195,248,242,249,236,275,299,348,252,209,170,99,111,110,106,117
385,桃園市,觀音區,觀音,2016/7/9,小時風速值 WS_HR (m/sec),3.3,1.5,1.3,0.4,1,1.1,1,0.9,1.4,1.7,4,4.4,3.7,0.6,0.6,1.2,0.9,0.5,0.8,1.4,2.2,2.4,2.4,2.1
386,桃園市,觀音區,觀音,2016/7/9,酸雨 PH_RAIN (pH),0,0,0,0,0,0,0,0,0,0,0,0,0,0,0,4.7,4.5,4.4,0,4.4,0,0,0,0
387,桃園市,觀音區,觀音,2016/7/9,導電度 RAIN_COND (μmho/cm),0,0,0,0,0,0,0,0,0,0,0,0,0,0,0,13,23,36,0,22,0,0,0,0
388,桃園市,觀音區,觀音,2016/7/9,降雨強度 RAIN_INT (㎜),0,0,0,0,0,0,0,0,0,0,0,0,0,0,0,30,2.5,1,0,0.5,0,0,0,0
389,桃園市,觀音區,觀音,2016/7/9,小時風向值 WD_HR (degrees),104,231,234,213,193,229,208,167,199,247,238,248,248,254,277,40,267,185,90,109,109,114,110,106
390,桃園市,觀音區,觀音,2016/7/9,一氧化氮 NO (ppb),1.1,1.2,1.3,1.2,1.9,2,7.4,10,7.5,5.3,4.1,3.1,1.1,1.1,1,0.9,0.5,0.9,0.9,1.2,1.1,0.7,0.5,0.5
391,桃園市,觀音區,觀音,2016/7/9,細懸浮微粒 PM 2.5  (μg/m 3 ),9,6,7,5,8,8,11,9,8,8,9,10,6,9,8,8,7,12,12,13,5,11,10,16
392,桃園市,觀音區,觀音,2016/7/8,二氧化硫 SO2 (ppb),4.9,5.1,5.4,6,5.6,4.1,3.8,5.9,6.1,4.3,3.2,2.9,3.1,3,3,3.1,3.1,3.4,3.2,3.9,3.6,3.3,3.8,3
393,桃園市,觀音區,觀音,2016/7/8,一氧化氮 NO (ppb),1.1,6.1,8,7.7,6.2,5.3,4.3,3.3,3.3,3,2.6,3.2,3.3,3.8,3.4,2.4,2.5,2.7,2.9,2.9,2.6,2.4,1.5,1.3
394,桃園市,觀音區,觀音,2016/7/8,相對濕度 RH (percent),91,91,90,88,86,85,82,85,85,78,74,73,73,77,83,84,85,81,82,83,85,85,83,80
395,桃園市,觀音區,觀音,2016/7/8,一氧化碳 CO (ppm),0.09,0.07,0.05,0.06,0.07,0.05,0.07,0.09,0.09,0.1,0.1,0.09,0.09,0.08,0.11,0.11,0.12,0.11,0.09,0.08,0.09,0.11,0.14,0.12
396,桃園市,觀音區,觀音,2016/7/8,臭氧 O3 (ppb),7.8,3.7,3,3.3,5.4,6.8,9.4,13,12,16,17,14,14,11,12,13,12,9.9,11,11,14,15,19,22
397,桃園市,觀音區,觀音,2016/7/8,懸浮微粒 PM 10  (μg/m 3 ),34,39,38,43,41,46,39,34,36,37,42,29,33,33,38,33,23,27,25,27,25,22,25,27
398,桃園市,觀音區,觀音,2016/7/8,氮氧化物 NOx (ppb),5.2,14,17,17,15,14,13,11,11,9.1,8.3,10,9.7,13,9.9,8.1,7.9,11,12,13,13,14,9.6,8.5
399,桃園市,觀音區,觀音,2016/7/8,風速 WIND_SPEED (m/sec),7.8,7.5,7.8,7.4,12,10,9.8,9,8.5,8.9,9.3,8.3,11,9.2,11,11,9.1,8.8,7.2,7.4,8.4,7.3,9.9,8.8
400,桃園市,觀音區,觀音,2016/7/8,溫度 AMB_TEMP (℃),28,28,28,29,29,29,29,29,29,29,30,30,30,29,29,28,28,29,28,28,28,28,28,29
401,桃園市,觀音區,觀音,2016/7/8,風向 WIND_DIREC (degrees),74,56,61,60,51,53,56,64,76,82,83,84,85,83,86,83,85,84,83,77,85,86,83,92
402,桃園市,觀音區,觀音,2016/7/8,小時風速值 WS_HR (m/sec),7,7.4,7.7,7.4,9.1,9.4,10,8.8,9,8.2,10,9.1,10,8.6,9.6,11,10,8.1,7.6,7.3,7.2,7.7,9.4,9.1
403,桃園市,觀音區,觀音,2016/7/8,酸雨 PH_RAIN (pH),0,0,0,0,0,0,0,0,0,0,0,0,0,0,6.8,0,6.3,0,0,0,6.4,6.3,,0
404,桃園市,觀音區,觀音,2016/7/8,導電度 RAIN_COND (μmho/cm),0,0,0,0,0,0,0,0,0,0,0,0,0,0,25,0,14,0,0,0,15,8.7,,0
405,桃園市,觀音區,觀音,2016/7/8,降雨強度 RAIN_INT (㎜),0,0,0,0,0,0,0,0,0,0,0,0,0,0,0.5,0,0.5,0,0,0,0.5,1.5,,0
406,桃園市,觀音區,觀音,2016/7/8,二氧化氮 NO2 (ppb),4.1,8.1,8.9,9,8.4,8.4,8.5,7.6,7.8,6.1,5.7,7.3,6.4,9.1,6.5,5.7,5.5,8,9.1,10,10,12,8.1,7.2
407,桃園市,觀音區,觀音,2016/7/8,小時風向值 WD_HR (degrees),71,61,59,61,57,59,54,62,65,77,84,82,84,83,85,84,84,83,82,77,79,84,84,87
408,桃園市,觀音區,觀音,2016/7/8,細懸浮微粒 PM 2.5  (μg/m 3 ),1,2,2,8,8,15,11,9,3,2,3,7,7,10,6,7,1,1,2,3,3,5,7,10
409,桃園市,觀音區,觀音,2016/7/7,二氧化硫 SO2 (ppb),4.7,3.3,2.3,1.8,2.9,5.9,5.1,4.8,4.3,4.5,5.3,5.2,3.1,2.8,6.8,4.3,6.4,5.6,3.2,2.7,2.4,3,2.7,4.6
410,桃園市,觀音區,觀音,2016/7/7,二氧化氮 NO2 (ppb),13,9.2,6.7,4.5,5.9,8,6.8,9.1,6.5,5.6,7.1,6.9,3.7,4.5,7.7,6.5,7.9,7.4,4.9,6.7,6.9,9.3,10,6.2
411,桃園市,觀音區,觀音,2016/7/7,相對濕度 RH (percent),75,78,79,80,81,79,77,76,76,73,70,66,72,77,79,81,82,84,85,85,86,90,92,92
412,桃園市,觀音區,觀音,2016/7/7,一氧化碳 CO (ppm),0.14,0.11,0.09,0.08,0.07,0.09,0.1,0.13,0.11,0.1,0.1,0.1,0.08,0.07,0.09,0.1,0.09,0.09,0.09,0.08,0.07,0.08,0.08,0.1
413,桃園市,觀音區,觀音,2016/7/7,臭氧 O3 (ppb),3.9,6.2,8.2,10,8.5,7.6,11,9.6,13,14,13,14,14,12,7.6,7.9,7.6,8.7,9.7,7.8,7.6,4.7,3.1,6.4
414,桃園市,觀音區,觀音,2016/7/7,懸浮微粒 PM 10  (μg/m 3 ),32,31,31,24,25,25,36,43,51,50,54,52,61,56,56,54,54,55,50,44,43,38,39,35
415,桃園市,觀音區,觀音,2016/7/7,氮氧化物 NOx (ppb),15,11,7.8,4.8,6.2,8.9,9.7,17,11,9.8,14,13,6.9,8,18,14,17,13,6.8,9.4,9.5,14,16,7.6
416,桃園市,觀音區,觀音,2016/7/7,風速 WIND_SPEED (m/sec),5.8,6.9,6.2,5.6,6.3,6.6,6,5.2,5.3,6.7,7,8.6,8.1,8.3,6.8,8.1,6.6,7.1,6.2,6.6,7.7,6.2,4.4,7
417,桃園市,觀音區,觀音,2016/7/7,溫度 AMB_TEMP (℃),29,29,29,29,29,29,29,30,31,31,32,33,32,31,31,30,30,29,29,29,29,28,27,28
418,桃園市,觀音區,觀音,2016/7/7,風向 WIND_DIREC (degrees),86,84,88,91,92,85,84,73,80,71,68,52,52,51,58,54,60,65,79,86,83,82,55,81
419,桃園市,觀音區,觀音,2016/7/7,小時風速值 WS_HR (m/sec),5.9,6.1,6.3,5.7,6.3,6.1,6.1,5.3,5.5,6,6.2,6.7,8.1,8.1,6.2,7.4,6.5,6.7,6.3,6.1,6.4,5.3,5.2,6
420,桃園市,觀音區,觀音,2016/7/7,酸雨 PH_RAIN (pH),0,0,0,0,0,0,0,0,0,0,0,0,0,0,0,0,0,0,0,0,0,0,6,0
421,桃園市,觀音區,觀音,2016/7/7,導電度 RAIN_COND (μmho/cm),0,0,0,0,0,0,0,0,0,0,0,0,0,0,0,0,0,0,0,0,0,0,16,0
422,桃園市,觀音區,觀音,2016/7/7,降雨強度 RAIN_INT (㎜),0,0,0,0,0,0,0,0,0,0,0,0,0,0,0,0,0,0,0,0,0,0,2,0
423,桃園市,觀音區,觀音,2016/7/7,小時風向值 WD_HR (degrees),85,84,87,90,90,86,86,83,74,75,67,65,56,54,64,56,64,62,77,81,80,80,80,67
424,桃園市,觀音區,觀音,2016/7/7,一氧化氮 NO (ppb),2.3,2,1.1,0.3,0.4,0.9,2.9,7.5,4.7,4.2,6.8,5.7,3.2,3.5,10,7.1,8.9,5.9,1.9,2.7,2.7,4.4,5.8,1.4
425,桃園市,觀音區,觀音,2016/7/7,細懸浮微粒 PM 2.5  (μg/m 3 ),9,2,6,6,7,6,3,5,6,7,9,10,11,9,10,7,10,9,12,8,10,8,8,1
426,桃園市,觀音區,觀音,2016/7/6,二氧化硫 SO2 (ppb),3.5,7.3,8.7,8.2,9.3,8.6,6.1,4.5,3.4,3.3,3.1,3.1,3,2.9,2.8,2.4,2.2,1.8,1.8,2,3.3,3.6,5.6,4.7
427,桃園市,觀音區,觀音,2016/7/6,二氧化氮 NO2 (ppb),14,15,15,15,15,14,12,12,10,9.9,10,8.2,7.3,5.7,5,4.6,6.1,6,6.5,7.5,11,13,18,14
428,桃園市,觀音區,觀音,2016/7/6,相對濕度 RH (percent),69,69,68,69,71,72,70,66,57,60,60,56,54,56,57,57,55,56,60,63,66,68,72,75
429,桃園市,觀音區,觀音,2016/7/6,一氧化碳 CO (ppm),0.23,0.2,0.18,0.17,0.16,0.17,0.22,0.26,0.25,0.22,0.23,0.21,0.2,0.17,0.15,0.15,0.14,0.14,0.16,0.17,0.2,0.2,0.2,0.18
430,桃園市,觀音區,觀音,2016/7/6,臭氧 O3 (ppb),0.8,0.7,1.4,0.9,0.8,2.1,4.8,9.1,20,32,55,76,75,76,80,80,41,16,11,8.2,4.8,4.1,1.5,3.1
431,桃園市,觀音區,觀音,2016/7/6,懸浮微粒 PM 10  (μg/m 3 ),33,27,33,28,28,26,35,45,46,45,39,52,55,50,40,39,42,44,47,47,40,26,27,27
432,桃園市,觀音區,觀音,2016/7/6,氮氧化物 NOx (ppb),18,20,17,22,21,19,20,22,16,13,13,9.4,8.4,6.7,5.9,5.4,8,8.3,8.5,9,13,15,29,21
433,桃園市,觀音區,觀音,2016/7/6,風速 WIND_SPEED (m/sec),0.9,1.8,1.4,0.9,1.2,1.6,0.8,2.3,1.8,1.7,2.9,3.5,4.6,3.4,2.8,1.8,6.8,5.7,6.2,6.8,6.7,4.8,7.3,7
434,桃園市,觀音區,觀音,2016/7/6,溫度 AMB_TEMP (℃),30,29,29,29,29,29,30,31,33,34,34,35,36,36,36,35,35,34,32,31,,30,30,30
435,桃園市,觀音區,觀音,2016/7/6,風向 WIND_DIREC (degrees),151,121,131,136,126,128,216,92,107,344,294,265,252,239,249,310,91,89,91,91,91,83,84,85
436,桃園市,觀音區,觀音,2016/7/6,小時風速值 WS_HR (m/sec),0.7,1.3,1.9,1,1.1,1.4,0.9,0.9,1.7,0.4,2.2,3.1,3.7,3.6,3,1.8,3.7,6.1,6.4,6.6,6.6,6.4,5.3,6.1
437,桃園市,觀音區,觀音,2016/7/6,酸雨 PH_RAIN (pH),0,0,0,0,0,0,0,0,0,0,0,0,0,0,0,0,0,0,0,0,0,0,0,0
438,桃園市,觀音區,觀音,2016/7/6,導電度 RAIN_COND (μmho/cm),0,0,0,0,0,0,0,0,0,0,0,0,0,0,0,0,0,0,0,0,0,0,0,0
439,桃園市,觀音區,觀音,2016/7/6,降雨強度 RAIN_INT (㎜),0,0,0,0,0,0,0,0,0,0,0,0,0,0,0,0,0,0,0,0,0,0,0,0
440,桃園市,觀音區,觀音,2016/7/6,小時風向值 WD_HR (degrees),177,130,120,139,130,128,124,102,115,273,293,266,254,246,240,263,87,91,91,90,87,86,83,85
441,桃園市,觀音區,觀音,2016/7/6,一氧化氮 NO (ppb),4,5.5,2.5,6.9,6.3,5,8.1,9.8,5.9,3.3,2.3,1.2,1.1,1,0.9,0.8,1.9,2.3,2,1.6,1.8,2.2,11,6.9
442,桃園市,觀音區,觀音,2016/7/6,細懸浮微粒 PM 2.5  (μg/m 3 ),11,12,8,14,10,13,7,9,8,8,12,23,27,27,20,16,13,8,6,6,1,3,8,7
443,桃園市,觀音區,觀音,2016/7/5,二氧化硫 SO2 (ppb),9.9,8,8.4,9.9,6.2,4.7,4,3.6,6.3,3.7,3.8,,4.6,3.1,2.5,3,2.1,1.8,3.3,2.6,2.5,2.8,3.8,3.3
444,桃園市,觀音區,觀音,2016/7/5,二氧化氮 NO2 (ppb),26,19,19,21,35,29,24,17,17,5.5,5.3,,4.8,5.1,4.6,5.7,4.9,5.7,8.8,15,12,18,14,17
445,桃園市,觀音區,觀音,2016/7/5,相對濕度 RH (percent),80,80,80,81,82,81,77,71,68,67,72,71,72,72,72,72,69,73,74,61,64,66,67,68
446,桃園市,觀音區,觀音,2016/7/5,一氧化碳 CO (ppm),0.45,0.33,0.31,0.29,0.27,0.31,0.31,0.35,0.33,0.17,0.18,,0.13,0.11,0.09,0.1,0.1,0.11,0.17,0.23,0.26,0.24,0.24,0.21
447,桃園市,觀音區,觀音,2016/7/5,臭氧 O3 (ppb),10,14,11,4.7,2.4,3.2,5.9,15,27,43,,36,40,29,24,26,31,27,18,5.1,4.3,2.9,2.8,2.3
448,桃園市,觀音區,觀音,2016/7/5,懸浮微粒 PM 10  (μg/m 3 ),57,63,69,66,60,58,54,57,54,44,36,,30,27,28,34,40,52,48,48,31,29,33,31
449,桃園市,觀音區,觀音,2016/7/5,氮氧化物 NOx (ppb),27,20,20,23,40,36,36,26,23,6.8,6.1,,5.9,6.5,6.1,7.6,5.9,6.8,9.8,17,15,19,16,20
450,桃園市,觀音區,觀音,2016/7/5,風速 WIND_SPEED (m/sec),1.2,0.7,1.7,1.4,1.7,1.4,2,2.5,3.4,2.8,3.7,4,3.9,3.5,2.4,2.5,2.6,1.2,2.7,2,2.5,2.2,1.3,0.9
451,桃園市,觀音區,觀音,2016/7/5,溫度 AMB_TEMP (℃),29,29,29,28,28,28,29,30,31,32,32,32,32,32,33,33,34,33,32,32,,31,30,30
452,桃園市,觀音區,觀音,2016/7/5,風向 WIND_DIREC (degrees),110,190,130,89,98,106,103,92,47,55,55,47,53,336,12,304,221,199,95,110,116,113,121,215
453,桃園市,觀音區,觀音,2016/7/5,小時風速值 WS_HR (m/sec),1.5,0.9,1,1.1,1.3,1.3,1.8,2.3,2.4,2.7,3.1,2.6,2,0.9,1,1.4,1.8,1.8,1.1,2.3,2.3,2.5,1.1,1.1
454,桃園市,觀音區,觀音,2016/7/5,酸雨 PH_RAIN (pH),0,0,0,0,0,0,0,0,0,0,0,0,0,0,0,0,0,0,0,0,0,0,0,0
455,桃園市,觀音區,觀音,2016/7/5,導電度 RAIN_COND (μmho/cm),0,0,0,0,0,0,0,0,0,0,0,0,0,0,0,0,0,0,0,0,0,0,0,0
456,桃園市,觀音區,觀音,2016/7/5,降雨強度 RAIN_INT (㎜),0,0,0,0,0,0,0,0,0,0,0,0,0,0,0,0,0,0,0,0,0,0,0,0
457,桃園市,觀音區,觀音,2016/7/5,小時風向值 WD_HR (degrees),117,134,134,112,97,99,104,92,68,53,51,55,61,34,33,309,255,219,147,114,100,113,152,132
458,桃園市,觀音區,觀音,2016/7/5,一氧化氮 NO (ppb),0.9,0.6,0.7,1.6,5,7.2,11,9.2,5.7,1.3,0.8,,1.1,1.4,1.5,1.9,1.1,1.2,1,2.3,2.2,1.7,1.6,2.4
459,桃園市,觀音區,觀音,2016/7/5,細懸浮微粒 PM 2.5  (μg/m 3 ),25,34,32,23,16,20,19,17,17,18,22,,26,,12,8,9,12,13,13,8,7,8,12
460,桃園市,觀音區,觀音,2016/7/4,二氧化硫 SO2 (ppb),16,8.1,16,15,6.5,7.1,4,4.6,3.9,5.3,5.7,3.5,2.8,2.5,3.3,2.8,2.6,3.8,3,3.7,3.2,4.4,4.8,5.6
461,桃園市,觀音區,觀音,2016/7/4,二氧化氮 NO2 (ppb),19,10,16,15,14,16,14,10,7.4,7.8,7.7,4.8,3.6,3,4,3.3,3.9,4.9,6.1,11,12,17,15,18
462,桃園市,觀音區,觀音,2016/7/4,相對濕度 RH (percent),77,77,77,76,77,75,72,69,65,64,62,62,62,63,64,64,68,71,72,80,81,78,77,79
463,桃園市,觀音區,觀音,2016/7/4,一氧化碳 CO (ppm),0.23,0.18,0.2,0.18,0.2,0.22,0.24,0.23,0.18,0.18,0.19,0.15,0.13,0.11,0.11,0.1,0.13,0.12,0.17,0.34,0.27,0.28,0.27,0.36
464,桃園市,觀音區,觀音,2016/7/4,臭氧 O3 (ppb),12,16,10,9.3,8.6,8.3,8.2,9.8,14,14,17,23,31,34,34,36,35,41,36,29,27,24,26,17
465,桃園市,觀音區,觀音,2016/7/4,懸浮微粒 PM 10  (μg/m 3 ),65,68,76,83,90,80,55,47,34,34,24,30,33,38,27,16,17,22,30,45,61,70,61,52
466,桃園市,觀音區,觀音,2016/7/4,氮氧化物 NOx (ppb),21,11,17,16,14,19,19,18,13,13,13,7.4,4.7,3.8,4.9,4.3,4.5,5.4,6.4,11,12,18,15,18
467,桃園市,觀音區,觀音,2016/7/4,風速 WIND_SPEED (m/sec),2.4,1.5,1.7,1.3,0.7,0.9,1,1.5,1.5,2.1,3,2.8,2.3,2.3,2.3,2.8,1.3,1.6,1.8,0.9,1,0.6,0.8,1.7
468,桃園市,觀音區,觀音,2016/7/4,溫度 AMB_TEMP (℃),28,28,28,28,28,28,29,30,32,32,32,33,33,33,33,33,32,31,31,30,30,30,30,30
469,桃園市,觀音區,觀音,2016/7/4,風向 WIND_DIREC (degrees),110,115,116,115,144,165,118,206,261,40,326,294,309,311,315,306,310,265,218,211,142,131,189,115
470,桃園市,觀音區,觀音,2016/7/4,小時風速值 WS_HR (m/sec),2.1,2.2,1.6,1.3,0.8,0.9,0.7,0.8,0.9,0.7,1.4,1.8,1.7,1.8,1.2,1.7,1.4,0.8,1.6,1,0.9,0.8,0.5,0.9
471,桃園市,觀音區,觀音,2016/7/4,酸雨 PH_RAIN (pH),0,0,0,0,0,0,0,0,0,0,0,0,0,0,0,0,0,0,0,0,0,0,0,0
472,桃園市,觀音區,觀音,2016/7/4,導電度 RAIN_COND (μmho/cm),0,0,0,0,0,0,0,0,0,0,0,0,0,0,0,0,0,0,0,0,0,0,0,0
473,桃園市,觀音區,觀音,2016/7/4,降雨強度 RAIN_INT (㎜),0,0,0,0,0,0,0,0,0,0,0,0,0,0,0,0,0,0,0,0,0,0,0,0
474,桃園市,觀音區,觀音,2016/7/4,小時風向值 WD_HR (degrees),117,111,125,123,134,127,128,186,217,338,324,307,310,308,318,305,308,293,236,210,204,124,147,138
475,桃園市,觀音區,觀音,2016/7/4,一氧化氮 NO (ppb),1.7,0.8,1.1,1.6,0.9,3.3,5.4,8.1,5.2,5.4,5.4,2.6,1.1,0.8,1,1,0.6,0.5,0.3,0.3,0.4,0.3,0.5,0.3
476,桃園市,觀音區,觀音,2016/7/4,細懸浮微粒 PM 2.5  (μg/m 3 ),20,20,19,17,14,19,17,17,12,13,11,10,5,7,8,11,11,9,14,24,31,31,24,21
477,桃園市,觀音區,觀音,2016/7/3,二氧化硫 SO2 (ppb),3,2.4,2.4,2.1,2.3,3.1,4.9,2.4,2,2.2,3,4.8,2.6,2,1.4,1.3,1.4,1.3,1.5,1.4,1.5,1.7,3.7,9.9
478,桃園市,觀音區,觀音,2016/7/3,二氧化氮 NO2 (ppb),16,10,10,7.9,9.7,11,12,6.1,4.2,4.7,6.8,6.3,2.9,10,5.2,4.7,3.4,2,4.7,5,5.8,7.5,12,16
479,桃園市,觀音區,觀音,2016/7/3,相對濕度 RH (percent),79,77,78,79,79,77,73,68,63,60,62,64,71,72,73,72,74,75,74,79,78,77,76,77
480,桃園市,觀音區,觀音,2016/7/3,一氧化碳 CO (ppm),0.26,0.17,0.16,0.15,0.15,0.18,0.24,0.16,0.12,0.14,0.19,0.22,0.1,0.08,0.07,0.07,0.08,0.08,0.14,0.12,0.13,0.16,0.21,0.23
481,桃園市,觀音區,觀音,2016/7/3,臭氧 O3 (ppb),9,12,10,11,7.4,7.6,8.2,15,21,24,33,27,45,28,23,21,23,23,31,26,22,22,17,16
482,桃園市,觀音區,觀音,2016/7/3,風速 WIND_SPEED (m/sec),1.8,1.7,1.5,2.2,1.2,1.5,0.8,2.3,3.4,5,5.3,5.4,5.5,5.3,6.4,5.3,3.5,2.7,2.4,2.9,2.2,1.8,2.7,1.6
483,桃園市,觀音區,觀音,2016/7/3,溫度 AMB_TEMP (℃),28,28,28,28,28,28,29,30,32,33,33,33,33,33,32,32,32,31,30,28,28,28,28,28
484,桃園市,觀音區,觀音,2016/7/3,風向 WIND_DIREC (degrees),204,198,195,191,125,138,176,232,226,250,251,251,256,252,254,254,239,206,186,197,212,151,115,127
485,桃園市,觀音區,觀音,2016/7/3,小時風速值 WS_HR (m/sec),1.1,1.7,1.6,2,1.2,1.4,0.8,1.3,2.6,3.6,5,5.4,5.6,5.6,5.5,4.8,3.8,3,2.5,2.9,2.5,1.4,1.2,1.7
486,桃園市,觀音區,觀音,2016/7/3,酸雨 PH_RAIN (pH),0,0,0,0,0,0,0,0,0,0,0,0,0,0,0,0,0,0,0,0,0,0,0,0
487,桃園市,觀音區,觀音,2016/7/3,導電度 RAIN_COND (μmho/cm),0,0,0,0,0,0,0,0,0,0,0,0,0,0,0,0,0,0,0,0,0,0,0,0
488,桃園市,觀音區,觀音,2016/7/3,懸浮微粒 PM 10  (μg/m 3 ),40,40,27,26,23,28,26,40,37,41,33,36,35,27,31,29,29,24,22,22,22,24,30,44
489,桃園市,觀音區,觀音,2016/7/3,氮氧化物 NOx (ppb),17,11,11,8.5,10,12,17,9.2,5.5,6.1,9,8.5,3.4,13,7.9,6.7,4.5,2.4,5,5.2,6.2,7.8,12,17
490,桃園市,觀音區,觀音,2016/7/3,降雨強度 RAIN_INT (㎜),0,0,0,0,0,0,0,0,0,0,0,0,0,0,0,0,0,0,0,0,0,0,0,0
491,桃園市,觀音區,觀音,2016/7/3,小時風向值 WD_HR (degrees),196,205,199,189,171,133,153,214,230,246,251,250,254,252,252,250,249,229,203,207,215,182,133,123
492,桃園市,觀音區,觀音,2016/7/3,一氧化氮 NO (ppb),0.6,0.3,0.2,0.5,0.5,0.8,5.5,3.1,1.4,1.4,2.2,2.2,0.5,3.4,2.7,2,1,0.4,0.4,0.2,0.4,0.3,0.2,0.9
493,桃園市,觀音區,觀音,2016/7/3,細懸浮微粒 PM 2.5  (μg/m 3 ),11,10,6,10,8,9,5,7,8,10,6,9,12,11,35x,33x,37*,7,8,3,9,6,10,11
494,桃園市,觀音區,觀音,2016/7/2,二氧化硫 SO2 (ppb),1.9,3.1,3.4,3,3.1,3.7,3.7,4.3,3.7,3,2.7,2.7,2.6,2.7,2.6,2.6,2.8,2.5,1.7,2.1,2.6,2.5,3.8,5.8
495,桃園市,觀音區,觀音,2016/7/2,二氧化氮 NO2 (ppb),8.5,18,12,8.4,10,17,12,9.2,6.9,4.4,4.9,6.5,3.2,2.8,3.6,7.5,9,10,7.8,8.1,9.6,11,22,22
496,桃園市,觀音區,觀音,2016/7/2,相對濕度 RH (percent),86,85,84,83,84,83,81,75,72,70,67,66,70,71,74,75,78,81,79,78,75,76,81,81
497,桃園市,觀音區,觀音,2016/7/2,一氧化碳 CO (ppm),0.17,0.22,0.21,0.17,0.19,0.24,0.26,0.19,0.17,0.16,0.13,0.12,0.1,0.09,0.09,0.1,0.18,0.2,0.17,0.2,0.21,0.21,0.36,0.4
498,桃園市,觀音區,觀音,2016/7/2,臭氧 O3 (ppb),14,7,15,21,17,10,17,19,22,31,33,37,35,35,34,33,34,31,35,30,22,17,5.1,5.9
499,桃園市,觀音區,觀音,2016/7/2,懸浮微粒 PM 10  (μg/m 3 ),28,32,40,35,32,31,36,39,36,31,29,34,34,36,28,32,31,38,38,31,21,20,26,40
500,桃園市,觀音區,觀音,2016/7/2,氮氧化物 NOx (ppb),9,19,13,8.7,10,18,14,12,9.7,5.7,6,8.2,3.8,3.1,3.9,8.4,9.8,11,8.3,8.5,9.8,11,23,23
501,桃園市,觀音區,觀音,2016/7/2,風速 WIND_SPEED (m/sec),0.7,1,1.6,1.2,1.1,1.4,1.2,2.8,4,5,4.5,4.1,4.5,4.3,3.2,2.6,1.7,4.5,1.3,1.4,1.6,1.1,1.2,1.1
502,桃園市,觀音區,觀音,2016/7/2,溫度 AMB_TEMP (℃),29,29,29,29,29,29,29,31,32,32,33,34,33,33,32,32,30,30,29,29,29,29,29,28
503,桃園市,觀音區,觀音,2016/7/2,風向 WIND_DIREC (degrees),168,187,188,196,178,195,196,238,243,250,250,262,256,259,251,235,188,197,155,136,186,176,133,131
504,桃園市,觀音區,觀音,2016/7/2,小時風速值 WS_HR (m/sec),1.1,0.6,1.5,1.4,1.3,0.7,1,2.2,3.6,4.2,4.5,4.5,4.7,4.1,3.9,2.7,1.3,2.1,2.6,1.6,1.6,1,0.9,1.1
505,桃園市,觀音區,觀音,2016/7/2,酸雨 PH_RAIN (pH),0,0,0,0,0,0,0,0,0,0,0,0,0,0,0,0,0,0,0,0,0,0,0,0
506,桃園市,觀音區,觀音,2016/7/2,導電度 RAIN_COND (μmho/cm),0,0,0,0,0,0,0,0,0,0,0,0,0,0,0,0,0,0,0,0,0,0,0,0
507,桃園市,觀音區,觀音,2016/7/2,降雨強度 RAIN_INT (㎜),0,0,0,0,0,0,0,0,0,0,0,0,0,0,0,0,0,0,0,0,0,0,0,0
508,桃園市,觀音區,觀音,2016/7/2,小時風向值 WD_HR (degrees),183,174,189,193,186,186,193,222,243,246,253,256,260,262,258,247,151,179,190,129,195,189,140,134
509,桃園市,觀音區,觀音,2016/7/2,一氧化氮 NO (ppb),0.6,1.3,1.1,0.2,0.3,1.2,2.1,2.7,2.8,1.3,1.1,1.8,0.5,0.4,0.4,1,0.8,0.9,0.6,0.3,0.2,0.1,0.8,0.7
510,桃園市,觀音區,觀音,2016/7/2,細懸浮微粒 PM 2.5  (μg/m 3 ),8,10,13,13,19,17,25,16,13,9,11,13,8,6,3,3,11,15,19,13,8,6,9,12
511,桃園市,觀音區,觀音,2016/7/1,二氧化硫 SO2 (ppb),2.4,2.3,2.5,3.6,3.6,3.3,3.6,4.2,3.5,3,2.5,1.6,1.7,1.8,2,3.3,2.4,2.1,2,2,2.2,1.9,2.1,2.1
512,桃園市,觀音區,觀音,2016/7/1,二氧化氮 NO2 (ppb),9.7,8.7,15,20,18,14,14,11,7.3,6.4,5.4,4.2,8.2,5.6,2.6,3.7,3.4,4.3,4.4,4.6,5.7,4.5,4.4,4.5
513,桃園市,觀音區,觀音,2016/7/1,相對濕度 RH (percent),84,83,83,84,83,80,77,74,69,63,57,54,57,61,65,71,70,71,76,82,84,85,86,86
514,桃園市,觀音區,觀音,2016/7/1,懸浮微粒 PM 10  (μg/m 3 ),29,28,29,35,37,34,25,22,24,21,17,14,17,19,20,21,22,27,26,28,29,33,31,28
515,桃園市,觀音區,觀音,2016/7/1,一氧化碳 CO (ppm),0.14,0.13,0.13,0.15,0.18,0.17,0.2,0.23,0.18,0.14,0.12,0.08,0.09,0.08,0.08,0.08,0.1,0.1,0.11,0.11,0.12,0.11,0.11,0.13
516,桃園市,觀音區,觀音,2016/7/1,臭氧 O3 (ppb),14,13,5.5,1.3,1.8,4.7,6.7,14,22,22,26,16,15,24,27,37,39,25,25,22,21,22,21,23
517,桃園市,觀音區,觀音,2016/7/1,氮氧化物 NOx (ppb),10,9.5,16,30,26,16,21,19,11,9.4,7.4,6.4,15,8.2,3.7,4.9,4.4,5.3,5.2,5.1,6.1,5,5.1,4.8
518,桃園市,觀音區,觀音,2016/7/1,風速 WIND_SPEED (m/sec),1.4,1.1,0.9,1.2,0.5,0.9,0.9,1.6,1.8,1.8,3.7,3.1,3.1,4.5,3.4,3.2,2.7,3.4,2.5,1.6,1.9,2.2,1.3,1.7
519,桃園市,觀音區,觀音,2016/7/1,溫度 AMB_TEMP (℃),29,28,28,28,28,28,29,30,31,33,34,34,34,34,33,32,32,32,31,30,,30,29,29
520,桃園市,觀音區,觀音,2016/7/1,風向 WIND_DIREC (degrees),212,181,183,193,147,223,172,191,227,148,256,254,256,260,278,278,269,254,239,231,210,211,189,204
521,桃園市,觀音區,觀音,2016/7/1,小時風速值 WS_HR (m/sec),1.4,1.2,0.5,0.8,0.6,0.6,0.7,0.9,1.4,1.3,2.6,3.5,3.1,3.9,3.5,2.9,2.9,2.8,2.7,1.8,2,1.7,1.5,1.3
522,桃園市,觀音區,觀音,2016/7/1,酸雨 PH_RAIN (pH),0,0,0,0,0,0,0,0,0,0,0,0,0,0,0,0,0,0,0,0,0,0,0,0
523,桃園市,觀音區,觀音,2016/7/1,導電度 RAIN_COND (μmho/cm),0,0,0,0,0,0,0,0,0,0,0,0,0,0,0,0,0,0,0,0,0,0,0,0
524,桃園市,觀音區,觀音,2016/7/1,降雨強度 RAIN_INT (㎜),0,0,0,0,0,0,0,0,0,0,0,0,0,0,0,0,0,0,0,0,0,0,0,0
525,桃園市,觀音區,觀音,2016/7/1,小時風向值 WD_HR (degrees),201,198,161,185,150,231,189,185,211,222,241,250,254,265,265,277,265,255,246,221,218,214,200,211
526,桃園市,觀音區,觀音,2016/7/1,一氧化氮 NO (ppb),0.8,0.8,1.2,10,7.8,2.3,7.2,7.4,3.7,3,2,2.2,6.6,2.6,1.2,1.2,1,1,0.8,0.5,0.4,0.6,0.7,0.4
527,桃園市,觀音區,觀音,2016/7/1,細懸浮微粒 PM 2.5  (μg/m 3 ),8,14,12,11,9,11,15,11,15,11,15,8,6,5,5,9,7,10,13,12,15,13,11,9
