ら戳,代,SO2代腑,NO2代腑,NO+NO2代腑,NOX代腑,O3代腑,PM10代腑,PM2.5代腑,SO2家览,NO2家览,NO+NO2家览,NOX家览,O3家览,PM10家览,PM2.5家览
2016/1/1,[,7.8,23.0,24.2,24.0,35.0,115.0,75.0,3.3658416,8.048075,8.75909,8.75909,32.56215,50.096397,30.717758
2016/1/1,[,8.3,23.0,24.1,24.0,34.0,106.0,74.0,3.2325635,5.9367423,7.4006796,7.40068,34.610695,48.728027,28.820833
2016/1/1,[,12.0,25.0,26.3,27.0,30.0,101.0,66.0,2.6980417,4.812993,6.545612,6.5456123,37.373524,40.539288,23.547684
2016/1/1,[,6.9,21.0,21.8,22.0,32.0,94.0,62.0,2.3392491,3.8696907,5.4825816,5.4825816,40.480686,30.731897,17.626917
2016/1/1,[,6.7,19.0,19.8,20.0,33.0,93.0,59.0,1.8825326,2.8432348,4.06603,4.06603,43.001263,27.376335,15.303092
2016/1/1,[,9.0,23.0,23.8,23.0,28.0,84.0,54.0,1.5425918,2.4282022,3.4478836,3.4478838,44.36153,24.57653,13.364415
2016/1/1,[,9.4,20.0,21.0,21.0,30.0,80.0,51.0,1.3422989,2.2437227,3.1263018,3.126302,44.765247,19.158283,10.286056
2016/1/1,[,10.0,18.0,19.6,20.0,30.0,77.0,47.0,1.1779295,2.23955,2.9936838,2.9936836,44.4037,19.117199,10.030764
2016/1/1,[,8.0,17.0,20.1,20.0,32.0,78.0,43.0,1.2216648,2.7962196,3.4592829,3.4592826,43.650833,16.826363,8.964632
2016/1/1,[,6.4,14.0,17.5,17.0,37.0,80.0,40.0,1.3859178,3.705533,4.0873384,4.0873384,41.96049,21.125172,11.563121
2016/1/1,[,,,,,17.0,,,1.7450684,4.559443,4.719167,4.719167,39.86392,24.699724,13.692151
2016/1/1,[,2.6,6.0,6.6,6.6,31.0,80.0,40.0,2.1817474,5.6093726,5.764868,5.764868,37.916588,16.142405,9.2597
2016/1/1,[,5.0,7.6,9.2,9.2,45.0,66.0,13.0,2.0831554,5.6402144,5.779465,5.779465,37.740417,12.821884,7.5983076
2016/1/1,[,2.8,4.8,5.5,5.5,47.0,70.0,19.0,1.761561,5.1770506,5.302228,5.302228,38.38732,9.91544,6.1961737
2016/1/1,[,2.6,4.7,5.1000000000000005,5.1,47.0,74.0,27.0,1.7356392,4.804341,4.912173,4.912173,38.716026,8.561861,5.5201426
2016/1/1,[,2.3,4.9,5.1000000000000005,5.1,47.0,75.0,23.0,1.6717235,4.147521,4.2343664,4.2343664,39.11929,8.686655,5.75719
2016/1/1,[,2.6,6.2,6.4,6.5,44.0,75.0,27.0,1.9280843,4.5316253,4.616067,4.616067,38.179054,8.264345,5.6245103
2016/1/1,[,2.3,5.8,5.8999999999999995,5.9,46.0,82.0,29.0,2.123212,4.2767797,4.3561115,4.3561115,38.022614,7.5672836,5.194257
2016/1/1,[,2.4,5.1,5.199999999999999,5.0,46.0,89.0,33.0,1.9063356,3.664561,3.7276924,3.7276924,38.63365,6.89194,4.7559576
2016/1/1,[,2.6,4.4,4.6000000000000005,4.2,47.0,92.0,33.0,1.5841515,3.2111313,3.270538,3.2705383,39.176723,6.0692906,4.3189178
2016/1/1,[,2.7,4.5,4.7,4.3,46.0,92.0,37.0,1.437988,2.7858531,2.841292,2.841292,39.631664,5.252161,3.7853734
2016/1/1,[,2.7,4.9,5.0,5.0,43.0,97.0,40.0,1.7173772,2.9118228,2.9661443,2.9661446,39.57739,4.811329,3.230895
2016/1/1,[,3.3,5.3,5.3999999999999995,5.2,44.0,101.0,40.0,1.6178088,2.9719748,3.0377066,3.0377064,39.39135,3.9764884,2.7719152
2016/1/1,[,3.0,5.1,5.199999999999999,5.0,43.0,91.0,44.0,1.3877659,2.9514508,3.0354576,3.0354576,39.227623,2.9290137,2.1867182
2016/1/2,[,2.0,4.6,4.699999999999999,4.5,45.0,80.0,43.0,1.7086507,3.1366827,3.3067012,3.3067014,39.030155,4.5168447,3.3072417
2016/1/2,[,2.3,4.1,4.3999999999999995,3.8,46.0,79.0,43.0,2.234152,3.6586163,4.0551972,4.0551972,38.79725,5.336667,3.6898334
2016/1/2,[,2.4,4.1,4.199999999999999,4.0,46.0,78.0,39.0,2.379197,3.814641,4.508111,4.5081105,39.68984,5.646709,4.012089
2016/1/2,[,2.5,3.9,4.0,3.8,44.0,80.0,39.0,2.4938624,3.7422557,4.5837555,4.5837555,42.16752,7.061684,4.8391333
2016/1/2,[,2.2,4.1,4.3999999999999995,3.9,45.0,76.0,37.0,2.5489283,3.6288943,4.692947,4.692947,46.96799,10.325478,6.8835354
2016/1/2,[,2.4,4.2,4.3,4.2,43.0,75.0,36.0,2.5554414,3.5846405,4.715333,4.7153335,50.052498,11.181388,7.42324
2016/1/2,[,2.5,5.0,5.1,4.9,42.0,73.0,34.0,2.462245,3.5909722,4.5517282,4.5517282,52.64142,10.7408695,7.021181
2016/1/2,[,2.3,5.2,5.2,5.2,41.0,66.0,31.0,2.4921615,3.9235587,4.7062855,4.7062855,53.220215,10.994233,7.173002
2016/1/2,[,2.9,7.0,7.0,7.0,35.0,70.0,32.0,2.6453326,4.8186536,5.3467827,5.346783,51.753887,10.502682,7.1481347
2016/1/2,[,2.8,8.0,8.2,8.2,33.0,71.0,34.0,2.9639435,6.257869,6.579057,6.579057,49.062927,9.926356,7.270836
2016/1/2,[,3.3,7.6,7.8,7.8,35.0,76.0,34.0,3.2620747,7.762759,7.93278,7.9327793,46.2851,13.597458,10.213385
2016/1/2,[,2.6,7.0,7.5,7.5,38.0,51.0,35.0,3.4666893,8.571819,8.72557,8.72557,44.86682,18.813215,13.919294
2016/1/2,[,2.5,7.2,7.3,7.4,42.0,43.0,36.0,3.8796499,10.201093,10.341891,10.341892,41.55252,19.368904,13.693847
2016/1/2,[,4.0,10.0,10.3,10.0,41.0,76.0,37.0,4.01094,9.7812805,9.907559,9.907559,41.27885,17.680592,13.242407
2016/1/2,[,3.3,10.0,10.2,10.0,46.0,82.0,39.0,4.125341,10.423879,10.537244,10.537245,40.013855,23.829721,16.967104
2016/1/2,[,4.4,15.0,15.5,15.0,40.0,97.0,43.0,4.2978816,11.897534,12.00429,12.004289,36.816395,30.356853,19.910868
2016/1/2,[,3.4,13.0,13.2,13.0,42.0,98.0,44.0,3.9990628,7.795851,7.867488,7.867488,42.099197,15.763669,11.288316
2016/1/2,[,4.2,16.0,16.0,16.0,36.0,105.0,45.0,3.4225657,6.1648507,6.2199693,6.2199693,43.972416,16.739202,11.74212
2016/1/2,[,5.6,22.0,22.3,23.0,25.0,110.0,51.0,3.1232355,5.663841,5.708243,5.708243,45.720272,19.47605,13.499696
2016/1/2,[,4.3,12.0,12.1,12.0,38.0,106.0,50.0,3.2295072,5.9737005,6.0139966,6.0139966,45.186596,25.039633,17.217716
2016/1/2,[,5.4,17.0,17.1,17.0,31.0,103.0,52.0,3.3990443,6.6504173,6.6968603,6.6968603,42.59114,27.485867,18.660666
2016/1/2,[,4.7,17.0,17.3,17.0,30.0,99.0,51.0,3.1171565,6.5644684,6.6177864,6.6177864,41.083473,19.643068,12.926222
2016/1/2,[,3.7,16.0,16.2,16.0,25.0,97.0,53.0,2.8240151,7.043652,7.1121116,7.112112,39.166134,25.787037,16.408394
2016/1/2,[,4.4,18.0,18.2,18.0,19.0,95.0,52.0,3.187066,7.1550465,7.233133,7.233133,38.994038,25.636368,16.243584
2016/1/3,[,3.1,12.0,12.4,12.0,26.0,92.0,49.0,3.1493483,5.8555765,5.9872036,5.9872036,41.513313,15.99802,10.73746
2016/1/3,[,2.5,13.0,13.5,13.0,22.0,90.0,48.0,2.8026075,5.344567,5.56627,5.56627,41.09925,13.101954,8.913525
2016/1/3,[,2.7,11.0,11.4,11.0,24.0,85.0,43.0,2.3978527,4.8073454,5.3416896,5.3416896,40.798317,10.035774,7.119256
2016/1/3,[,3.4,22.0,22.0,22.0,13.0,84.0,44.0,1.8542275,3.5898466,4.3196716,4.3196716,43.43705,9.637363,6.6329093
2016/1/3,[,6.3,18.0,18.2,18.0,18.0,85.0,41.0,1.8357861,3.6257188,4.174575,4.1745753,44.79718,9.385159,6.4306054
2016/1/3,[,3.2,15.0,15.2,14.0,22.0,87.0,41.0,2.1488032,3.7943559,4.316654,4.316654,43.73191,12.913189,8.854708
2016/1/3,[,2.3,17.0,17.0,17.0,16.0,89.0,39.0,2.165278,3.8044565,4.7329483,4.7329483,44.1414,13.797655,9.514754
2016/1/3,[,2.7,20.0,21.2,21.0,16.0,89.0,38.0,2.2349584,6.4615607,7.835763,7.8357625,41.892673,8.174625,6.193511
2016/1/3,[,2.9,21.0,22.6,22.0,22.0,83.0,39.0,2.6134152,12.930368,14.371175,14.371175,38.306725,10.726534,8.682594
2016/1/3,[,7.2,27.0,32.9,33.0,16.0,84.0,38.0,1.790585,19.258621,20.385057,20.385057,35.45191,17.055449,14.31229
2016/1/3,[,6.4,26.0,31.9,32.0,16.0,78.0,39.0,2.1921384,21.707247,21.846941,21.84694,32.938347,13.643125,11.363894
2016/1/3,[,4.1,18.0,20.4,20.0,26.0,73.0,38.0,3.6070323,22.920567,23.057234,23.057234,31.680447,17.728434,14.833845
2016/1/3,[,3.9,,,,46.0,56.0,37.0,5.458897,29.19467,29.407553,29.40755,22.002237,25.026129,20.983458
2016/1/3,[,3.9,15.0,17.6,17.0,30.0,55.0,38.0,6.9604883,23.731272,23.92727,23.92727,23.619528,20.776949,17.164068
2016/1/3,[,3.3,11.0,13.4,13.0,36.0,57.0,37.0,4.7391615,14.910203,15.018643,15.018643,29.953823,16.527805,13.531987
2016/1/3,[,4.5,12.0,14.3,15.0,31.0,54.0,35.0,5.823652,17.574198,17.677523,17.677523,26.106129,16.880026,13.165894
2016/1/3,[,3.8,8.0,10.3,10.0,37.0,53.0,33.0,6.7968097,21.86848,22.012009,22.012009,18.765009,28.046175,21.933483
2016/1/3,[,4.4,21.0,23.5,23.0,24.0,51.0,29.0,5.81943,32.243195,32.936733,32.936733,7.341438,54.884026,44.870846
2016/1/3,[,5.2,20.0,22.6,23.0,21.0,53.0,29.0,8.058122,38.759037,40.797222,40.797222,1.706659,50.15686,38.93922
2016/1/3,[,3.5,15.0,17.3,17.0,23.0,50.0,28.0,1.3992397,37.54687,40.164467,40.164467,1.1876656,67.87486,56.435043
2016/1/3,[,2.8,25.0,28.0,28.0,9.2,56.0,28.0,0.63431156,36.027306,38.985985,38.98598,1.0250442,61.757565,51.363342
2016/1/3,[,2.3,35.0,40.3,40.0,2.7,52.0,24.0,0.9773525,30.227985,31.456177,31.456177,2.8028185,43.732697,33.286366
2016/1/3,[,3.2,37.0,44.9,45.0,1.5,42.0,22.0,0.6188718,27.626854,29.726149,29.726149,2.079731,62.617893,41.74677
2016/1/3,[,4.0,23.0,26.1,26.0,3.2,23.0,21.0,2.1423566,33.858208,50.925545,50.925545,0.1300426,80.52654,57.807724
2016/1/4,[,4.2,22.0,26.7,27.0,2.2,21.0,19.0,4.6380215,37.10481,86.77409,86.774086,1.4962977,63.3527,51.334984
2016/1/4,[,3.0,29.0,35.0,35.0,1.0,27.0,17.0,4.6897097,32.325058,76.930084,76.93009,6.174558,42.360924,36.06759
2016/1/4,[,3.0,25.0,28.5,29.0,6.5,35.0,16.0,4.727033,23.482134,44.6746,44.6746,15.24942,27.579327,23.31057
2016/1/4,[,1.4,4.2,4.9,4.8,30.0,39.0,14.0,4.8417053,17.82061,30.859613,30.859612,22.629683,23.101429,19.241703
2016/1/4,[,1.6,5.1,5.6,5.6,28.0,32.0,11.0,4.8165255,14.218407,23.347878,23.347878,28.947485,21.712906,18.114416
2016/1/4,[,2.5,15.0,15.6,15.0,11.0,34.0,11.0,3.5954063,12.355822,18.734964,18.734966,35.723934,19.377066,16.403934
2016/1/4,[,1.7,20.0,22.4,22.0,4.0,38.0,12.0,2.648239,10.181279,14.224667,14.224667,42.916218,16.897062,14.25079
2016/1/4,[,1.8,22.0,38.0,38.0,3.1,47.0,13.0,2.4206793,9.592708,13.048173,13.048173,42.52839,14.695177,11.827097
2016/1/4,[,2.3,20.0,39.0,38.0,7.7,41.0,15.0,2.2703996,9.866795,12.393794,12.393794,41.46446,11.715684,9.351334
2016/1/4,[,1.8,6.9,9.4,9.4,29.0,38.0,17.0,2.5450218,13.605454,14.90798,14.907979,37.791065,11.204365,9.528232
2016/1/4,[,1.9,8.0,10.3,10.0,32.0,31.0,17.0,3.130289,24.054504,24.577694,24.577694,26.984333,14.109842,12.096824
2016/1/4,[,2.4,6.9,9.0,9.0,36.0,35.0,16.0,3.2330132,35.518013,36.747383,36.747383,15.730228,18.078552,15.456133
2016/1/4,[,1.6,4.8,6.199999999999999,6.2,38.0,34.0,16.0,3.2954707,34.51881,35.846813,35.846813,14.375472,21.740585,18.684383
2016/1/4,[,3.2,13.0,15.9,16.0,26.0,49.0,18.0,4.2213674,38.25269,39.683098,39.683098,10.495225,24.48922,21.338833
2016/1/4,[,2.3,11.0,13.2,13.0,29.0,57.0,22.0,6.998735,31.188402,31.678675,31.678677,15.519435,33.63223,29.631197
2016/1/4,[,1.5,10.0,11.6,12.0,30.0,74.0,25.0,10.29892,34.17181,34.851448,34.851448,9.965577,45.630577,39.41171
2016/1/4,[,3.3,16.0,18.4,18.0,24.0,78.0,31.0,10.529463,29.060421,29.526054,29.526054,12.98243,36.173595,30.079441
2016/1/4,[,2.6,23.0,27.6,28.0,9.3,92.0,34.0,8.925877,18.948444,19.158014,19.158014,21.933022,16.948414,14.158485
2016/1/4,[,3.2,18.0,21.1,22.0,16.0,96.0,36.0,8.637793,15.885158,16.034163,16.034164,24.221972,17.832481,15.246584
2016/1/4,[,2.1,14.0,15.9,16.0,19.0,93.0,38.0,8.916335,16.565125,16.699104,16.699104,22.332432,20.341524,17.464214
2016/1/4,[,4.2,19.0,21.9,22.0,9.4,83.0,42.0,8.902988,16.840553,16.961233,16.961231,21.617773,21.102966,17.958017
2016/1/4,[,6.4,25.0,28.9,29.0,3.2,80.0,43.0,8.678144,17.192436,17.327587,17.327587,20.98031,18.245401,15.612803
2016/1/4,[,8.6,30.0,39.6,40.0,0.4,83.0,44.0,8.018476,14.174144,14.321527,14.321527,23.30183,16.6666,13.62684
2016/1/4,[,4.3,18.0,21.8,22.0,9.7,82.0,41.0,8.32974,16.603891,16.890165,16.890165,19.59644,17.515293,13.366542
2016/1/5,[,1.7,6.9,7.9,7.9,23.0,73.0,37.0,8.563873,17.714735,20.193836,20.193836,18.212763,23.720884,19.288141
2016/1/5,[,2.5,5.3,6.0,6.0,23.0,61.0,34.0,7.725782,17.48075,25.36447,25.36447,18.553673,37.990173,29.713047
2016/1/5,[,2.8,5.6,6.3999999999999995,6.5,23.0,50.0,31.0,8.065884,19.076153,31.642262,31.642262,21.072418,51.940773,38.679134
2016/1/5,[,1.9,4.1,4.8,4.8,27.0,40.0,32.0,7.2697363,16.239746,25.526962,25.52696,29.945969,41.120754,30.539206
2016/1/5,[,1.9,5.5,6.0,6.0,28.0,35.0,29.0,7.0860457,16.847641,23.54619,23.546188,38.037853,51.44778,37.623505
2016/1/5,[,3.9,11.0,11.8,12.0,24.0,38.0,28.0,6.823183,12.920706,16.487251,16.48725,44.439247,49.848835,33.54959
2016/1/5,[,6.8,19.0,21.1,21.0,14.0,45.0,24.0,5.3327403,6.661028,8.052159,8.05216,54.540848,38.7563,24.105713
2016/1/5,[,5.6,23.0,30.8,31.0,5.1,57.0,27.0,3.4149668,4.18817,4.788815,4.788815,50.24383,19.84229,11.636172
2016/1/5,[,9.6,26.0,60.0,60.0,0.3,81.0,31.0,2.5891278,4.7384286,5.121672,5.121672,49.318054,18.398323,10.84006
2016/1/5,[,7.8,23.0,43.0,43.0,3.6,95.0,33.0,2.683249,6.4955215,6.8522468,6.8522463,44.515106,15.962507,9.617083
2016/1/5,[,3.2,13.0,18.5,19.0,19.0,90.0,33.0,2.6688175,7.86662,8.106019,8.106019,43.29132,13.645835,9.47366
2016/1/5,[,2.7,8.0,10.1,10.0,29.0,60.0,29.0,2.0640755,6.625397,6.860218,6.860218,38.13127,6.0674787,4.374695
2016/1/5,[,2.8,11.0,13.4,13.0,25.0,46.0,31.0,1.8357388,5.866631,6.0658937,6.0658937,36.97955,4.3719473,3.3358936
2016/1/5,[,2.2,11.0,13.6,13.0,26.0,47.0,32.0,1.8737665,5.330324,5.4927106,5.4927106,37.657505,6.966914,4.976517
2016/1/5,[,2.0,8.9,10.700000000000001,11.0,28.0,63.0,32.0,1.894323,5.413533,5.557497,5.557497,37.670265,9.883059,6.649075
2016/1/5,[,4.1,14.0,16.5,17.0,24.0,68.0,27.0,1.7048281,4.7640734,4.907955,4.9079556,37.103073,7.7255793,5.340564
2016/1/5,[,4.5,10.0,11.4,12.0,29.0,60.0,23.0,1.6125262,4.22305,4.362689,4.362689,36.078205,3.080268,1.9899106
2016/1/5,[,5.4,20.0,21.7,22.0,19.0,49.0,22.0,1.7221843,4.1313863,4.260847,4.260847,36.098232,3.0948677,1.6973469
2016/1/5,[,4.6,20.0,21.9,22.0,17.0,42.0,20.0,1.59014,3.6388788,3.7528489,3.752849,36.804253,2.5252461,1.299044
2016/1/5,[,9.2,25.0,26.9,27.0,14.0,46.0,21.0,1.6883874,3.9478843,4.0569286,4.0569286,36.85936,3.885664,2.0389895
2016/1/5,[,7.5,20.0,22.0,22.0,19.0,46.0,18.0,1.8694279,4.6599607,4.761544,4.761544,36.560543,4.8119373,2.817426
2016/1/5,[,10.0,16.0,17.0,17.0,24.0,45.0,16.0,2.208109,6.1713643,6.2687263,6.2687263,33.998753,10.573135,7.0663643
2016/1/5,[,5.6,18.0,19.4,19.0,19.0,43.0,15.0,3.0856578,7.429237,7.5389175,7.5389175,32.51385,11.589289,7.829263
2016/1/5,[,5.5,17.0,18.0,18.0,20.0,39.0,13.0,2.3342035,4.7711143,4.92382,4.92382,37.208107,9.507398,5.912522
2016/1/6,[,4.0,15.0,16.2,16.0,23.0,40.0,13.0,1.1960824,3.2998548,3.5585935,3.5585935,37.047165,4.4353204,3.086555
2016/1/6,[,3.7,16.0,17.0,17.0,25.0,39.0,10.0,0.56044537,2.3238661,2.6612203,2.6612203,36.328827,2.4273639,1.9125257
2016/1/6,[,4.4,13.0,14.0,14.0,31.0,46.0,11.0,1.1400299,3.4181244,3.848036,3.848036,31.765804,2.313141,1.6718224
2016/1/6,[,3.8,16.0,16.7,17.0,28.0,44.0,10.0,1.1339853,3.1832097,3.67635,3.6763499,32.118797,2.1814165,1.6662148
2016/1/6,[,8.7,24.0,25.7,26.0,12.0,46.0,9.0,1.2653452,2.3037372,3.2907848,3.2907848,35.997513,2.722269,1.9493539
2016/1/6,[,3.3,8.1,8.799999999999999,8.8,35.0,44.0,10.0,1.6639413,3.2255833,4.262162,4.262162,36.952473,3.0643005,2.20762
2016/1/6,[,1.6,5.1,5.8999999999999995,6.0,41.0,48.0,8.0,2.0201545,4.8719397,5.999272,5.9992723,36.27201,4.0106683,3.0621278
2016/1/6,[,2.5,7.9,9.1,9.1,35.0,47.0,9.0,2.211892,5.4726114,6.7314997,6.7315,38.358727,4.951231,3.69576
2016/1/6,[,5.5,18.0,19.6,19.0,25.0,46.0,8.0,2.1429093,4.6761956,5.55883,5.55883,41.110977,5.393219,3.8642542
2016/1/6,[,3.4,15.0,16.6,17.0,29.0,44.0,7.0,1.9710257,4.6034517,5.1335354,5.133536,39.26831,3.2551079,2.4129066
2016/1/6,[,3.5,16.0,17.8,18.0,28.0,39.0,7.0,2.186516,5.955775,6.263493,6.263493,37.018177,5.597627,3.0381832
2016/1/6,[,1.5,5.1,5.8999999999999995,5.9,39.0,35.0,6.0,2.1867814,5.5352674,5.8064413,5.8064413,37.16797,10.394503,4.652989
2016/1/6,[,1.3,4.8,5.5,5.4,40.0,33.0,7.0,1.897965,4.613522,4.826019,4.826019,38.15575,6.043096,3.0039496
2016/1/6,[,1.3,4.4,5.1000000000000005,5.1,41.0,33.0,7.0,1.6389292,4.008525,4.1926713,4.192672,39.51662,6.412643,2.9501386
2016/1/6,[,1.2,4.7,5.3,5.2,40.0,37.0,9.0,1.5781915,3.6653457,3.8285215,3.8285215,39.862396,7.9131765,3.451742
2016/1/6,[,1.3,5.3,6.1,6.1,41.0,39.0,10.0,1.6070222,3.3988008,3.5550046,3.5550046,39.7081,9.625118,3.8125885
2016/1/6,[,1.3,5.1,5.8,5.8,41.0,39.0,9.0,1.6117885,2.9828734,3.1361322,3.1361322,39.283356,13.881916,4.74357
2016/1/6,[,1.7,7.0,7.9,7.8,39.0,35.0,10.0,1.7327397,3.1624055,3.3108137,3.3108137,38.187542,15.582855,5.345846
2016/1/6,[,4.5,11.0,11.7,11.0,38.0,33.0,11.0,1.7733666,3.1831064,3.3197691,3.3197691,38.063663,18.789677,6.864534
2016/1/6,[,4.8,10.0,10.7,11.0,37.0,34.0,14.0,1.8915,3.2520676,3.3857589,3.3857589,37.774902,22.732002,8.366332
2016/1/6,[,2.0,6.6,7.3,7.3,40.0,39.0,15.0,1.8633231,3.2449882,3.374666,3.374666,38.326073,24.545597,9.616899
2016/1/6,[,1.7,5.2,5.8,5.8,40.0,46.0,15.0,1.8462427,3.3518124,3.4852629,3.4852626,38.436436,27.58696,11.472742
2016/1/6,[,1.8,3.6,3.9,3.9,40.0,49.0,14.0,1.860158,3.7255673,3.8679855,3.8679855,38.292564,32.019035,13.943367
2016/1/6,[,2.4,5.4,5.800000000000001,5.7,38.0,46.0,14.0,1.9391096,4.8902965,5.073439,5.0734386,37.5684,34.813755,15.455774
2016/1/7,[,2.0,4.3,4.7,4.7,39.0,45.0,17.0,2.0556314,5.7432194,6.2465544,6.2465544,37.66486,35.677055,15.928141
2016/1/7,[,4.1,5.6,6.1,6.1,39.0,45.0,17.0,2.0063357,4.560086,5.462907,5.462907,39.463463,35.454002,16.173683
2016/1/7,[,3.5,5.9,6.2,6.2,39.0,47.0,18.0,1.9230864,3.6774747,4.4251633,4.4251633,40.97307,28.64388,13.324495
2016/1/7,[,4.2,8.3,9.200000000000001,9.2,38.0,50.0,18.0,1.765445,3.0965734,3.7722955,3.7722955,43.192554,27.964428,13.573679
2016/1/7,[,3.0,6.6,7.3,7.4,41.0,54.0,20.0,1.7092869,2.875393,3.5156896,3.5156896,44.86969,20.210403,10.355721
2016/1/7,[,2.5,5.1,5.699999999999999,5.7,44.0,58.0,24.0,1.6471422,2.8169615,3.3667545,3.3667543,45.749958,25.860823,13.813496
2016/1/7,[,,,,,18.0,,,1.6158013,2.7780802,3.3074732,3.3074734,46.841877,34.267853,18.857779
2016/1/7,[,,,,,,,,1.5273266,2.696052,3.180435,3.180435,47.33637,23.162191,13.380645
2016/1/7,[,,,,,,,,1.5737664,2.9258122,3.3230112,3.3230112,47.407013,10.704947,6.653841
2016/1/7,[,,,,,,,,1.6677703,4.092879,4.4088893,4.408889,46.331417,14.1451645,8.861554
2016/1/7,[,,,,,22.0,58.0,24.0,1.812862,5.622493,5.9029436,5.9029436,44.77193,16.089153,10.258582
2016/1/7,[,5.1,11.0,12.7,13.0,40.0,56.0,21.0,1.9107096,5.83553,6.084361,6.084361,44.960766,14.013521,9.136369
2016/1/7,[,4.7,6.9,8.1,8.2,44.0,63.0,21.0,1.9693934,5.394323,5.5949383,5.5949388,45.350792,12.853943,8.409418
2016/1/7,[,2.8,5.7,6.6000000000000005,6.6,46.0,67.0,26.0,2.1043692,5.5654006,5.744907,5.744907,44.581806,10.35628,6.8444552
2016/1/7,[,2.6,4.2,4.8,4.9,50.0,75.0,23.0,2.3119404,5.757554,5.9191265,5.919127,43.57887,12.3060055,8.136604
2016/1/7,[,2.7,4.5,5.3,5.3,49.0,76.0,24.0,2.3534517,5.186652,5.334028,5.3340282,43.532658,16.261387,10.312035
2016/1/7,[,4.1,6.9,7.7,7.7,48.0,70.0,27.0,2.2880673,4.5679812,4.697691,4.697691,43.95104,13.942297,8.654079
2016/1/7,[,6.6,12.0,13.1,13.0,42.0,65.0,29.0,2.3113039,4.365842,4.477017,4.477017,43.85314,15.338413,9.53071
2016/1/7,[,6.7,11.0,11.9,12.0,43.0,66.0,28.0,2.0349145,4.009853,4.1053195,4.1053195,43.49493,15.435144,10.2126255
2016/1/7,[,8.4,11.0,11.9,12.0,42.0,72.0,31.0,1.7115072,3.5818188,3.667236,3.6672363,43.250774,8.598621,6.331336
2016/1/7,[,5.3,9.0,9.8,9.8,44.0,76.0,33.0,2.171983,3.1064665,3.1847584,3.1847584,44.552845,3.8429627,2.6372168
2016/1/7,[,4.8,8.6,9.5,9.4,44.0,70.0,31.0,2.263303,2.947461,3.0251493,3.0251493,44.989147,2.8952534,1.9960635
2016/1/7,[,5.1,13.0,13.9,14.0,39.0,66.0,34.0,2.4399452,3.129201,3.21624,3.2162402,44.99599,2.5941515,1.6418133
2016/1/7,[,5.1,15.0,15.9,16.0,36.0,61.0,35.0,2.4763246,3.3891523,3.5094404,3.5094404,45.333282,2.994985,1.8264529
2016/1/8,[,4.3,8.8,9.600000000000001,9.6,42.0,62.0,34.0,2.4307046,3.7009282,3.9612691,3.9612694,45.345547,3.222736,1.9759915
2016/1/8,[,4.5,9.9,10.6,11.0,42.0,61.0,31.0,2.3667843,3.2580976,3.7770467,3.7770467,46.708244,2.8163416,1.6742389
2016/1/8,[,2.4,6.9,7.4,7.5,46.0,58.0,29.0,2.4592519,2.9378972,3.4078884,3.4078884,47.444523,4.673008,2.7014933
2016/1/8,[,3.9,3.0,3.2,3.2,48.0,55.0,28.0,2.5720153,2.90415,3.4138396,3.4138396,47.89416,5.058848,3.2315445
2016/1/8,[,1.6,3.0,3.3,3.3,48.0,55.0,28.0,2.6528604,2.9430873,3.5767567,3.576757,47.97392,3.4748058,2.4957237
2016/1/8,[,2.6,4.5,4.8,4.8,46.0,59.0,28.0,2.9859638,2.9324732,3.5110092,3.511009,50.09032,6.8677764,4.8901777
2016/1/8,[,1.7,3.8,4.3,4.2,47.0,59.0,27.0,3.5405746,3.3323624,3.8986056,3.8986058,51.67002,7.120673,5.3776617
2016/1/8,[,2.0,5.6,6.3999999999999995,6.3,45.0,59.0,27.0,3.5561376,3.4470077,4.022524,4.022524,52.92405,4.356132,3.4686377
2016/1/8,[,2.6,6.7,7.3,7.2,46.0,58.0,24.0,3.8717692,4.007733,4.5180974,4.5180974,54.463356,8.655577,6.4568043
2016/1/8,[,2.5,6.2,6.7,6.7,48.0,64.0,27.0,3.9055192,4.5714912,4.9067736,4.9067736,55.064312,21.290531,15.210982
2016/1/8,[,2.7,6.5,7.3,7.2,48.0,44.0,31.0,3.854562,5.6791816,5.8998103,5.899811,53.172817,27.071066,19.266
2016/1/8,[,2.4,5.7,6.6000000000000005,6.6,48.0,45.0,28.0,3.799803,5.972158,6.1746836,6.174684,51.666027,26.218494,18.79979
2016/1/8,[,2.0,3.9,4.4,4.5,51.0,72.0,29.0,3.6455815,5.7488585,5.921559,5.921559,50.426353,13.261181,9.75149
2016/1/8,[,2.1,3.9,4.5,4.5,51.0,68.0,31.0,3.5730593,5.4112773,5.569813,5.5698123,49.0613,14.9421015,10.823626
2016/1/8,[,2.0,4.4,5.1000000000000005,5.1,50.0,64.0,31.0,3.6612499,4.8420887,4.983488,4.983488,48.883724,21.520645,15.296935
2016/1/8,[,4.1,8.9,9.8,9.8,43.0,61.0,29.0,3.6385431,4.2927446,4.415761,4.4157605,50.559128,37.786354,26.660566
2016/1/8,[,2.4,5.9,6.6000000000000005,6.7,42.0,67.0,35.0,3.4203708,3.90068,4.004932,4.004932,50.852608,45.198097,31.845182
2016/1/8,[,3.0,8.6,9.4,9.4,39.0,72.0,35.0,3.2065053,3.5212796,3.6134398,3.6134398,49.720848,45.351242,31.358107
2016/1/8,[,1.9,4.7,5.4,5.4,40.0,74.0,37.0,3.227605,3.512919,3.6027355,3.6027355,47.70571,43.86702,29.511803
2016/1/8,[,2.1,4.7,5.3,5.3,39.0,70.0,36.0,3.2580526,3.5109313,3.6035333,3.6035333,45.931713,43.185932,28.1109
2016/1/8,[,4.0,6.2,6.8,6.8,37.0,59.0,35.0,3.1741147,3.2541354,3.3474092,3.3474092,45.727604,41.36859,26.235117
2016/1/8,[,6.3,7.0,7.4,7.3,36.0,52.0,33.0,3.2090197,3.2895262,3.3822992,3.3822994,46.14708,41.106243,25.871063
2016/1/8,[,7.6,9.5,10.0,10.0,34.0,52.0,29.0,3.3305552,3.834704,3.9383113,3.9383113,45.43784,42.608616,27.029978
2016/1/8,[,7.2,9.2,9.7,9.7,37.0,53.0,31.0,3.4388087,4.884372,5.0085506,5.00855,43.44791,43.496315,27.72343
2016/1/9,[,6.7,8.7,9.0,9.0,40.0,53.0,28.0,3.4460218,5.09509,5.467594,5.467594,42.224792,43.151726,27.351744
2016/1/9,[,5.9,7.0,7.3,7.3,44.0,48.0,24.0,3.3650775,4.69652,5.626257,5.626257,42.101387,41.900036,26.454496
2016/1/9,[,8.7,8.9,9.3,9.2,41.0,55.0,22.0,3.2632618,4.2957683,5.7038746,5.703875,42.883327,39.443848,24.655878
2016/1/9,[,8.1,11.0,11.5,11.0,39.0,59.0,21.0,2.9229665,3.5570717,4.990705,4.9907055,44.461678,33.322617,20.644674
2016/1/9,[,5.0,7.6,8.2,8.2,41.0,68.0,22.0,2.5400474,2.7041085,3.8806043,3.8806043,46.91845,30.762589,18.768948
2016/1/9,[,7.2,9.0,9.8,9.7,38.0,62.0,21.0,2.3130298,2.3927083,3.412432,3.412432,48.585854,29.191704,17.608282
2016/1/9,[,5.0,15.0,16.1,16.0,31.0,61.0,22.0,2.2071002,2.4146674,3.3692665,3.3692665,49.24142,25.406132,15.366376
2016/1/9,[,5.1,14.0,15.7,16.0,31.0,57.0,23.0,2.036375,2.6162467,3.5166638,3.5166638,48.55392,27.720905,16.50691
2016/1/9,[,6.8,14.0,17.2,17.0,32.0,60.0,25.0,1.9354202,3.115757,3.9014068,3.9014068,46.96804,28.148746,16.690218
2016/1/9,[,7.6,11.0,13.2,13.0,37.0,58.0,25.0,2.3789544,5.548688,6.085069,6.085069,43.43781,23.494442,14.382672
2016/1/9,[,5.5,7.2,9.3,9.3,43.0,59.0,24.0,3.0388184,9.531319,9.757121,9.757122,38.06173,20.909298,13.352047
2016/1/9,[,6.2,8.7,10.799999999999999,11.0,44.0,63.0,26.0,3.405102,10.338175,10.55449,10.554491,36.599625,19.67373,12.681436
2016/1/9,[,5.2,8.1,10.3,10.0,46.0,64.0,24.0,3.4601686,10.692611,10.8870945,10.8870945,36.03679,16.403315,10.801494
2016/1/9,[,3.8,5.8,7.3,7.3,49.0,66.0,27.0,3.9739237,11.549717,11.730121,11.730121,34.93564,18.224747,11.9628725
2016/1/9,[,5.5,7.4,8.9,8.8,47.0,66.0,28.0,4.2077646,11.462473,11.628138,11.628138,34.620438,20.721216,13.365461
2016/1/9,[,6.7,11.0,12.9,13.0,44.0,69.0,28.0,4.1297827,10.996726,11.147132,11.147132,34.488808,23.796106,15.130824
2016/1/9,[,8.9,15.0,16.9,16.0,38.0,71.0,27.0,3.9756498,10.012378,10.1400175,10.1400175,34.911808,27.225044,16.873518
2016/1/9,[,8.8,16.0,17.3,17.0,36.0,77.0,32.0,3.903548,8.987202,9.087726,9.087726,35.082882,24.023363,14.829288
2016/1/9,[,7.2,11.0,12.2,12.0,42.0,68.0,32.0,4.458739,9.101355,9.189136,9.189136,34.64164,20.295238,12.522953
2016/1/9,[,4.1,10.0,11.0,11.0,41.0,69.0,33.0,4.2958465,8.756312,8.832777,8.832777,35.21951,18.07656,10.975289
2016/1/9,[,4.6,17.0,18.0,18.0,34.0,69.0,35.0,4.284436,8.405155,8.471118,8.471118,35.979736,20.632338,12.700638
2016/1/9,[,7.4,30.0,32.0,32.0,19.0,72.0,33.0,4.2472534,7.7519674,7.8132825,7.8132825,36.819214,23.517412,14.590182
2016/1/9,[,6.6,21.0,22.4,22.0,27.0,71.0,35.0,4.4746485,8.591704,8.661514,8.661513,35.71406,25.643686,15.984819
2016/1/9,[,6.7,13.0,13.8,14.0,34.0,62.0,34.0,5.5154,13.382804,13.492989,13.492989,29.318827,30.824358,19.436184
2016/1/10,[,3.6,8.0,8.6,8.6,41.0,66.0,34.0,7.583534,19.092972,21.455395,21.455395,22.043543,38.996582,24.263037
2016/1/10,[,7.3,15.0,15.7,15.0,34.0,70.0,31.0,7.412067,16.649345,21.681808,21.681808,28.016577,37.125267,23.29418
2016/1/10,[,5.1,19.0,19.7,20.0,27.0,73.0,33.0,5.0228515,11.739132,15.772361,15.772362,35.682163,27.697388,17.573145
2016/1/10,[,6.5,30.0,31.4,31.0,11.0,76.0,32.0,3.6761298,8.143394,10.974275,10.974274,42.737904,22.39327,14.346136
2016/1/10,[,4.1,24.0,25.6,26.0,2.5,73.0,32.0,2.8663137,4.591732,6.1157475,6.115747,50.57494,20.278753,12.558761
2016/1/10,[,4.1,24.0,26.2,26.0,3.6,82.0,34.0,2.4231188,3.4893975,4.5732155,4.573216,54.125866,23.191763,13.730963
2016/1/10,[,4.4,24.0,27.5,27.0,3.2,78.0,35.0,1.9280008,2.906596,3.700116,3.700116,52.521786,24.419027,13.655739
2016/1/10,[,6.8,26.0,40.0,40.0,4.6,84.0,34.0,1.817403,3.340396,4.084466,4.084466,50.46784,24.477097,13.431943
2016/1/10,[,6.4,32.0,57.0,57.0,8.3,112.0,45.0,1.9713477,4.4070654,5.205984,5.2059836,48.675358,22.329042,12.32065
2016/1/10,[,7.5,18.0,22.5,23.0,25.0,109.0,45.0,2.526456,7.644166,8.303369,8.303368,43.57888,21.091187,11.637415
2016/1/10,[,8.2,20.0,26.0,26.0,29.0,107.0,44.0,2.682574,13.721844,13.89433,13.89433,35.90057,19.404774,11.603152
2016/1/10,[,5.6,11.0,14.4,14.0,41.0,70.0,46.0,2.3916082,14.270533,14.445388,14.445388,31.967543,16.237387,10.013614
2016/1/10,[,4.5,8.5,10.2,10.0,45.0,74.0,43.0,2.571083,14.004098,14.154051,14.154052,31.16479,14.323799,8.94063
2016/1/10,[,4.5,6.1,6.8999999999999995,6.9,46.0,62.0,40.0,2.6430693,12.615953,12.745454,12.745454,31.95855,13.287995,8.25533
2016/1/10,[,3.7,5.6,6.5,6.6,46.0,53.0,36.0,3.1573648,12.937715,13.062939,13.062938,31.098173,10.918304,6.736587
2016/1/10,[,2.3,4.0,4.5,4.5,46.0,46.0,36.0,2.8025508,8.044046,8.157072,8.157073,34.800476,12.262558,6.725998
2016/1/10,[,2.2,4.2,4.7,4.7,45.0,50.0,22.0,2.9580626,6.84212,6.965639,6.965639,36.158333,13.716827,7.70796
2016/1/10,[,2.5,5.7,6.2,6.2,44.0,51.0,21.0,2.9761574,6.8215413,6.9528513,6.9528513,36.372665,13.775545,8.181433
2016/1/10,[,2.2,4.5,4.9,4.9,44.0,55.0,17.0,1.9212191,4.2579184,4.354721,4.354721,39.590588,9.06699,5.444417
2016/1/10,[,6.4,10.0,10.6,11.0,37.0,54.0,15.0,1.7816199,3.6881719,3.7730398,3.7730398,40.291866,9.422714,5.7576995
2016/1/10,[,2.4,4.8,5.5,5.4,44.0,53.0,16.0,1.6665496,3.5564814,3.6256466,3.6256464,40.435005,11.181765,6.8800817
2016/1/10,[,2.2,4.3,4.8,4.8,44.0,46.0,15.0,1.726015,3.5749195,3.6423213,3.6423213,40.2522,12.108395,7.4339595
2016/1/10,[,2.0,4.0,4.4,4.4,46.0,48.0,17.0,2.094012,4.394282,4.4820056,4.482005,39.346207,10.575357,6.5464582
2016/1/10,[,2.0,3.4,4.0,3.9,46.0,48.0,17.0,2.1820395,5.775488,5.923755,5.923755,37.74018,9.584747,5.964278
2016/1/11,[,2.9,4.1,4.5,4.5,44.0,53.0,16.0,1.0832154,5.4456906,5.7146273,5.7146273,37.276554,5.3899446,3.7723691
2016/1/11,[,1.4,3.1,3.5,3.5,45.0,49.0,17.0,0.5206057,3.4590623,3.7556012,3.7556014,38.04626,3.01629,2.409883
2016/1/11,[,1.4,3.1,3.4,3.5,47.0,43.0,20.0,0.90204936,3.0566115,3.5034041,3.5034041,38.034966,2.783735,2.0920982
2016/1/11,[,2.0,3.2,3.7,3.6,47.0,36.0,19.0,0.9307625,3.0253277,3.50942,3.5094197,38.61591,2.5678952,2.0272152
2016/1/11,[,6.0,12.0,12.6,12.0,37.0,31.0,16.0,0.87799424,2.8669395,3.263393,3.2633932,39.130413,2.6638513,2.077355
2016/1/11,[,2.5,6.1,6.699999999999999,6.7,45.0,29.0,16.0,1.1172704,2.9357204,3.4462738,3.4462738,40.73401,3.33002,2.4599884
2016/1/11,[,1.8,4.2,5.1000000000000005,5.1,46.0,34.0,16.0,1.2529491,3.1926072,3.7539248,3.7539248,41.956913,2.386595,1.844702
2016/1/11,[,1.5,7.9,9.1,9.1,44.0,31.0,14.0,1.1662111,2.8899179,3.4084556,3.4084558,44.495476,2.143033,1.7266455
2016/1/11,[,5.0,23.0,25.4,26.0,28.0,34.0,14.0,1.3354441,3.7214339,4.273586,4.273586,44.241215,3.3417242,2.5560231
2016/1/11,[,5.0,20.0,22.2,22.0,31.0,34.0,14.0,1.340123,4.7418537,5.108575,5.108575,42.866604,4.217698,3.2155685
2016/1/11,[,3.9,21.0,23.3,23.0,30.0,39.0,11.0,1.3327383,4.78329,5.0963545,5.0963545,42.05183,4.1598573,3.212582
2016/1/11,[,1.8,5.8,7.0,7.0,45.0,34.0,11.0,1.6951314,4.5473404,4.8400173,4.8400173,39.81339,2.959691,2.3133986
2016/1/11,[,1.5,5.7,6.7,6.7,44.0,34.0,11.0,1.7723424,4.150331,4.381888,4.381888,39.204082,4.4965944,2.6122193
2016/1/11,[,1.5,6.5,7.7,7.7,39.0,36.0,13.0,1.7524593,4.088653,4.29293,4.2929306,39.298153,6.3428106,3.1426628
2016/1/11,[,1.3,5.6,6.6,6.6,42.0,36.0,11.0,2.0026715,4.360391,4.545377,4.5453773,37.40023,7.567075,3.3966334
2016/1/11,[,1.3,7.3,8.5,8.6,41.0,26.0,12.0,1.9397769,3.8746338,4.0447073,4.044707,35.83501,8.428011,2.8627074
2016/1/11,[,1.3,8.9,10.5,10.0,37.0,21.0,11.0,1.8615278,3.5125005,3.6655269,3.6655269,35.802757,9.481067,2.681335
2016/1/11,[,1.8,8.0,9.4,9.4,39.0,22.0,8.0,1.9007547,3.4671474,3.6022868,3.6022866,35.99121,10.454392,2.676975
2016/1/11,[,2.6,14.0,15.7,15.0,32.0,20.0,12.0,1.9688834,3.1756816,3.289392,3.2893922,36.28613,11.3349695,2.668722
2016/1/11,[,2.5,13.0,14.0,14.0,30.0,19.0,13.0,2.1018407,3.0072532,3.1134272,3.113427,36.400673,13.327051,3.4071648
2016/1/11,[,5.2,29.0,34.3,34.0,14.0,20.0,16.0,2.1760542,2.9351575,3.0395017,3.039502,36.578762,17.739521,4.758663
2016/1/11,[,1.5,4.3,5.4,5.4,40.0,21.0,14.0,2.3846843,3.1550126,3.2675712,3.2675712,35.10416,31.382809,11.741925
2016/1/11,[,1.5,3.6,4.3,4.2,41.0,30.0,15.0,2.4146984,3.2350068,3.3672903,3.36729,34.346794,43.52964,19.303473
2016/1/11,[,1.3,2.8,3.3,3.3,41.0,34.0,16.0,2.384556,3.5576184,3.750857,3.750857,34.592983,46.62638,21.225798
2016/1/12,[,1.4,2.9,3.5999999999999996,3.5,41.0,42.0,19.0,2.3532279,4.1798263,4.539905,4.5399055,35.018326,42.49609,19.980608
2016/1/12,[,1.3,2.8,3.4,3.3,41.0,44.0,19.0,2.3420446,4.4611588,5.018586,5.0185857,35.384537,28.17814,14.175629
2016/1/12,[,1.2,2.7,3.2,3.2,40.0,49.0,16.0,2.2713838,4.3153176,4.961734,4.9617343,36.010696,35.389748,16.974878
2016/1/12,[,1.2,1.4,1.9,1.9,40.0,53.0,15.0,2.129825,3.7161512,4.456018,4.456018,37.61919,29.107788,13.682359
2016/1/12,[,1.3,2.0,2.3,2.2,40.0,52.0,15.0,1.8598511,2.5039525,3.3265207,3.3265207,40.82177,30.680046,14.838861
2016/1/12,[,1.0,1.3,1.8,1.8,41.0,51.0,17.0,1.7847707,2.5835836,3.1541824,3.1541827,41.567783,19.092012,10.012739
2016/1/12,[,1.0,1.5,2.1,2.1,41.0,42.0,16.0,1.7523915,2.9956572,3.522231,3.5222313,41.957256,6.9211116,4.066589
2016/1/12,[,3.6,6.8,7.9,7.9,34.0,34.0,14.0,1.7107253,2.639826,3.1447477,3.1447477,43.673706,11.286639,6.0554347
2016/1/12,[,7.4,9.6,11.2,11.0,32.0,33.0,13.0,1.693593,2.8049521,3.2807739,3.2807739,43.91412,12.448088,6.7577124
2016/1/12,[,5.6,8.8,10.5,10.0,33.0,34.0,13.0,1.7479893,3.7539158,4.220146,4.220146,43.541237,8.704647,4.757929
2016/1/12,[,2.6,7.7,9.2,9.2,35.0,38.0,12.0,2.047473,5.704806,6.028036,6.028036,41.926826,4.5454283,2.6817074
2016/1/12,[,4.6,8.0,9.7,9.7,35.0,38.0,12.0,2.204969,6.234798,6.520839,6.520839,41.492947,5.883773,3.4960709
2016/1/12,[,4.7,7.4,9.3,9.3,35.0,39.0,10.0,2.1831524,5.1750107,5.404227,5.404227,42.55455,4.493387,2.478305
2016/1/12,[,2.6,5.6,7.3,7.2,37.0,39.0,8.0,2.1826134,4.764121,4.9647593,4.964759,42.96905,5.489131,3.1219656
2016/1/12,[,1.0,2.2,3.1,3.1,42.0,34.0,7.0,2.269293,4.325821,4.4973335,4.4973335,43.463753,9.289562,5.1932836
2016/1/12,[,1.7,4.9,5.9,5.8,39.0,38.0,10.0,2.3853834,4.227011,4.3808117,4.3808117,43.30116,12.283083,7.096195
2016/1/12,[,4.9,12.0,13.5,13.0,33.0,37.0,10.0,2.2378871,3.571586,3.708122,3.708122,43.556854,10.638405,6.8156433
2016/1/12,[,3.4,16.0,17.7,17.0,29.0,39.0,11.0,1.9388496,3.0463355,3.166268,3.166268,43.305836,4.965023,3.5873132
2016/1/12,[,3.4,9.4,10.6,11.0,36.0,42.0,14.0,1.9762045,2.9171953,3.024752,3.024752,42.77451,4.715807,3.348678
2016/1/12,[,3.0,12.0,13.0,13.0,34.0,46.0,15.0,1.9833071,2.912139,3.0137758,3.0137758,42.15553,4.061237,2.9548411
2016/1/12,[,3.0,9.7,10.799999999999999,11.0,35.0,56.0,16.0,2.1908429,2.9894416,3.0912645,3.0912642,41.250862,3.9231045,2.7885115
2016/1/12,[,4.5,8.0,8.8,8.8,37.0,53.0,19.0,2.8475144,3.3076928,3.4153335,3.4153333,40.306976,3.555983,2.3610559
2016/1/12,[,5.8,7.8,8.3,8.3,37.0,53.0,21.0,2.8154242,3.7722702,3.9039042,3.9039042,38.366142,4.688821,3.1945348
2016/1/12,[,5.6,9.1,9.6,9.7,34.0,44.0,20.0,2.74238,4.8931756,5.0889544,5.088955,36.406006,5.339516,3.684098
2016/1/13,[,4.4,8.0,8.6,8.6,36.0,37.0,20.0,2.8622837,5.528108,5.986669,5.986669,35.877136,3.8588195,2.4783666
2016/1/13,[,5.4,8.8,9.4,9.4,35.0,32.0,20.0,2.7203765,4.354806,4.9523187,4.952319,36.766453,3.0475078,1.9285276
2016/1/13,[,1.8,3.7,4.2,4.2,40.0,28.0,17.0,2.2764604,3.418338,3.9305983,3.9305985,37.489887,2.506627,2.015712
2016/1/13,[,1.4,2.0,2.6,2.6,42.0,29.0,15.0,2.5723994,3.1611323,3.8200226,3.8200226,38.897446,2.4621687,1.8697902
2016/1/13,[,1.6,3.0,3.4,3.4,41.0,28.0,16.0,2.8958588,3.1925445,4.011229,4.011229,39.801624,2.665842,1.8946086
2016/1/13,[,4.3,7.6,8.299999999999999,8.3,36.0,35.0,13.0,3.0900013,3.5677583,4.794226,4.794226,39.21714,2.767045,1.8686444
2016/1/13,[,5.3,9.2,10.399999999999999,10.0,35.0,38.0,12.0,3.2742126,4.3725758,5.6567016,5.6567016,39.727455,3.3811626,2.1489942
2016/1/13,[,4.7,10.0,11.7,12.0,34.0,44.0,12.0,3.4175842,5.1709847,6.325146,6.325146,41.08975,3.39186,2.2804427
2016/1/13,[,5.7,11.0,12.8,13.0,33.0,43.0,12.0,3.56036,6.0977488,7.0375056,7.037506,42.684216,7.1052194,4.6676717
2016/1/13,[,5.1,10.0,11.5,12.0,34.0,39.0,11.0,3.690924,7.8789525,8.37267,8.372671,42.106075,7.762823,5.364065
2016/1/13,[,3.1,8.5,9.8,9.8,37.0,37.0,14.0,3.4378324,8.271376,8.600429,8.600429,41.801655,6.346258,5.169011
2016/1/13,[,1.5,5.4,6.4,6.4,40.0,35.0,14.0,3.2974932,7.105206,7.3769913,7.3769913,43.53578,5.613276,4.509292
2016/1/13,[,1.2,4.2,5.300000000000001,5.3,41.0,35.0,15.0,3.3346272,6.6601195,6.8899465,6.8899465,41.704636,4.509427,3.4160378
2016/1/13,[,2.1,6.0,7.0,7.0,37.0,30.0,17.0,3.5776083,6.7029605,6.9217243,6.9217243,39.20741,7.5970316,5.652361
2016/1/13,[,3.4,8.8,10.200000000000001,10.0,34.0,25.0,17.0,3.8520465,6.1514716,6.3426623,6.3426623,39.572006,20.831064,15.456651
2016/1/13,[,4.9,11.0,12.4,13.0,31.0,30.0,16.0,3.8975143,5.530479,5.7008677,5.7008677,40.066025,47.674656,34.13082
2016/1/13,[,5.1,12.0,13.5,13.0,30.0,38.0,19.0,3.8207958,5.059861,5.213189,5.213189,39.997616,56.458656,40.009346
2016/1/13,[,6.2,13.0,14.5,14.0,27.0,40.0,23.0,3.6948721,4.599564,4.738561,4.738561,39.36137,56.00914,39.427547
2016/1/13,[,5.7,20.0,22.4,22.0,19.0,40.0,19.0,3.64971,4.302076,4.428041,4.428041,38.786213,58.729263,41.000156
2016/1/13,[,4.9,21.0,23.8,23.0,18.0,40.0,20.0,3.7117608,4.1411586,4.2584543,4.2584543,38.442165,61.141144,42.89315
2016/1/13,[,6.6,14.0,15.6,16.0,25.0,47.0,21.0,3.7261605,3.909559,4.020489,4.0204887,38.442627,63.571396,44.205887
2016/1/13,[,4.3,14.0,15.2,15.0,27.0,56.0,22.0,3.866452,3.7879808,3.8984566,3.8984566,38.521656,69.38522,49.09308
2016/1/13,[,5.5,11.0,11.8,12.0,32.0,61.0,25.0,4.181453,4.049605,4.174889,4.174889,38.01644,75.572586,54.76373
2016/1/13,[,2.2,6.2,6.9,6.9,40.0,75.0,26.0,4.2899227,4.4455724,4.6250443,4.6250443,38.746582,75.36937,55.183907
2016/1/14,[,4.7,7.8,8.4,8.4,39.0,67.0,26.0,4.3539085,4.7679944,5.0836105,5.0836105,38.08295,73.215706,53.821728
2016/1/14,[,7.2,18.0,18.9,19.0,31.0,63.0,24.0,4.854027,5.431432,5.9120708,5.9120708,34.66483,64.89682,48.372364
2016/1/14,[,8.7,17.0,17.8,18.0,32.0,61.0,28.0,4.9860616,5.2499323,6.0694284,6.0694284,35.49691,53.75197,40.559967
2016/1/14,[,12.0,25.0,25.6,26.0,28.0,69.0,32.0,4.959958,4.568789,5.79703,5.79703,39.64935,62.801964,47.704967
2016/1/14,[,12.0,26.0,26.4,26.0,27.0,80.0,33.0,4.8060865,3.7898865,5.042999,5.042999,46.726265,81.68775,62.821426
2016/1/14,[,7.7,18.0,18.9,19.0,33.0,75.0,37.0,4.560242,3.2575378,4.154855,4.1548543,53.446762,80.17277,62.45373
2016/1/14,[,10.0,15.0,15.9,16.0,36.0,81.0,39.0,4.3766546,2.949126,3.5785906,3.5785906,58.04635,84.3354,65.81584
2016/1/14,[,7.8,15.0,16.0,16.0,35.0,83.0,41.0,4.3085814,3.0797775,3.5632453,3.5632455,60.64742,85.90466,67.45953
2016/1/14,[,8.0,14.0,15.1,15.0,35.0,90.0,43.0,4.3698025,3.6808667,4.0531325,4.0531325,61.452663,83.61407,66.35324
2016/1/14,[,3.9,9.7,10.6,11.0,37.0,93.0,47.0,4.54915,4.8705654,5.1668973,5.166898,60.194412,78.2115,62.745377
2016/1/14,[,5.2,11.0,12.1,12.0,34.0,97.0,48.0,4.881099,6.6681857,6.901372,6.9013724,56.502964,61.38936,50.07454
2016/1/14,[,8.7,14.0,15.7,16.0,31.0,100.0,49.0,5.0672812,7.467064,7.686453,7.686453,53.58018,72.41986,59.2521
2016/1/14,[,5.2,13.0,15.7,15.0,33.0,103.0,50.0,5.335185,8.711458,8.907292,8.907293,49.116417,76.96793,63.42771
2016/1/14,[,4.7,12.0,14.6,14.0,34.0,92.0,51.0,5.587143,9.805942,9.9956875,9.9956875,45.166935,85.28207,70.563095
2016/1/14,[,5.1,12.0,13.5,13.0,35.0,84.0,48.0,5.761048,10.098248,10.27133,10.27133,42.081535,82.663345,68.7585
2016/1/14,[,5.9,13.0,14.8,15.0,34.0,78.0,50.0,5.973802,10.421327,10.583444,10.583444,39.5657,95.75981,78.804855
2016/1/14,[,8.3,16.0,17.7,17.0,33.0,90.0,51.0,6.3629413,10.430207,10.573709,10.573709,38.044247,102.69336,83.978355
2016/1/14,[,3.6,10.0,11.0,11.0,41.0,92.0,50.0,6.453669,9.1639595,9.288377,9.288377,38.127476,98.6284,78.98395
2016/1/14,[,5.1,12.0,12.9,13.0,40.0,83.0,51.0,6.289905,8.453124,8.554807,8.554807,38.694435,94.98505,75.1559
2016/1/14,[,6.3,14.0,14.8,15.0,39.0,74.0,47.0,6.56227,8.731003,8.815531,8.815531,38.3648,91.58592,71.368675
2016/1/14,[,6.0,24.0,25.1,25.0,29.0,73.0,47.0,6.804392,8.089679,8.162109,8.162109,39.494915,86.14249,66.14594
2016/1/14,[,5.6,13.0,13.7,13.0,39.0,78.0,45.0,6.9802675,8.141656,8.211168,8.211167,39.19464,82.26705,62.831505
2016/1/14,[,6.4,17.0,17.7,18.0,35.0,84.0,48.0,6.2279615,6.4890094,6.5762367,6.5762367,40.553616,78.11719,59.28284
2016/1/14,[,8.9,24.0,25.3,25.0,28.0,89.0,46.0,4.50227,3.8713133,4.016533,4.0165324,43.656166,62.318516,46.19437
2016/1/15,[,3.7,8.6,8.9,8.9,46.0,108.0,48.0,4.5807004,5.0239453,5.4240117,5.4240117,43.114033,60.65573,45.71005
2016/1/15,[,3.9,7.9,8.0,8.0,48.0,113.0,47.0,5.0561037,7.458469,8.306093,8.306093,40.815693,67.957535,51.738922
2016/1/15,[,8.6,12.0,12.2,12.0,43.0,126.0,48.0,5.5548453,10.830501,12.907547,12.907547,37.658848,81.97624,62.080826
2016/1/15,[,4.3,7.7,8.3,8.3,46.0,117.0,51.0,6.1632514,12.006934,14.653467,14.653466,39.196033,79.98337,60.743668
2016/1/15,[,4.4,8.3,8.9,8.9,45.0,117.0,55.0,5.207867,6.4578204,7.835187,7.835187,46.388523,57.005314,43.252827
2016/1/15,[,2.7,5.4,6.0,5.9,48.0,104.0,55.0,4.175908,4.294693,5.9896436,5.9896436,51.909454,40.21487,30.89868
2016/1/15,[,2.9,6.2,6.9,6.9,46.0,106.0,58.0,3.3077219,2.7270818,3.6393638,3.6393638,55.838036,26.10374,20.464516
2016/1/15,[,3.5,11.0,12.2,12.0,42.0,100.0,55.0,2.8841355,2.454475,2.9264956,2.9264956,54.923546,30.97593,24.044176
2016/1/15,[,4.8,17.0,19.4,19.0,35.0,97.0,52.0,3.237739,3.2046778,3.5268877,3.5268877,55.458923,52.23508,39.81928
2016/1/15,[,4.4,14.0,16.5,16.0,39.0,93.0,51.0,3.7357833,4.1672406,4.441482,4.441482,54.45211,48.683926,36.993298
2016/1/15,[,2.7,7.8,9.2,9.2,45.0,89.0,52.0,3.6816478,4.883794,5.1256523,5.1256523,51.81688,30.82381,23.132158
2016/1/15,[,,,,,,,,3.6369224,5.1688333,5.3968754,5.3968754,48.549515,20.644594,15.143641
2016/1/15,[,,,,,42.0,89.0,51.0,3.4086518,5.3438735,5.5435543,5.543555,45.54953,17.944637,12.754383
2016/1/15,[,2.5,8.6,10.6,11.0,43.0,80.0,46.0,3.1928346,5.4629974,5.6443896,5.6443896,43.999863,14.951079,10.317714
2016/1/15,[,3.1,9.4,11.200000000000001,11.0,42.0,94.0,45.0,3.326896,6.006256,6.158353,6.158353,43.67155,15.554236,10.879184
2016/1/15,[,2.5,7.7,9.5,9.5,43.0,96.0,38.0,3.609042,7.269493,7.409368,7.409368,41.77913,20.206469,14.522774
2016/1/15,[,2.3,9.7,11.6,12.0,41.0,111.0,43.0,3.5382898,7.522729,7.6442485,7.644248,40.804783,24.992767,17.961851
2016/1/15,[,2.6,12.0,14.2,15.0,37.0,103.0,41.0,3.071528,5.328002,5.429913,5.429913,42.390495,21.331121,14.657662
2016/1/15,[,3.5,11.0,12.9,12.0,39.0,98.0,41.0,2.964132,4.2972984,4.3892865,4.3892865,43.291515,19.68842,13.343492
2016/1/15,[,2.4,7.2,8.6,8.6,42.0,83.0,39.0,3.4507177,5.249916,5.342487,5.342487,41.38393,19.017757,12.858683
2016/1/15,[,4.5,14.0,15.4,16.0,34.0,73.0,38.0,4.064606,6.678812,6.7726407,6.7726407,39.06355,20.70207,13.962835
2016/1/15,[,7.5,19.0,20.8,21.0,28.0,68.0,40.0,4.278367,7.640231,7.736827,7.736827,37.5158,16.52514,11.069283
2016/1/15,[,11.0,30.0,31.6,32.0,18.0,64.0,38.0,4.361373,8.990343,9.109767,9.109767,35.853058,13.328266,8.753094
2016/1/15,[,8.2,21.0,22.5,22.0,24.0,59.0,41.0,3.796786,9.109208,9.258744,9.258744,36.11156,12.014706,7.8414025
2016/1/16,[,3.5,5.7,6.9,6.9,43.0,53.0,35.0,3.221542,8.053313,8.668383,8.668382,36.295177,10.126684,6.5431657
2016/1/16,[,2.0,2.8,3.8,3.8,45.0,51.0,35.0,2.8456647,5.7610683,6.981201,6.9812016,38.302906,12.700745,8.318036
2016/1/16,[,2.9,3.3,4.3,4.3,43.0,46.0,33.0,2.56223,5.2503333,6.6017566,6.6017566,40.213684,12.806656,8.341055
2016/1/16,[,4.6,7.0,7.9,7.9,41.0,42.0,31.0,2.3338017,4.429825,5.869755,5.869755,43.59097,11.35083,7.349082
2016/1/16,[,3.5,5.3,6.0,6.0,43.0,39.0,28.0,2.2309403,3.279805,4.6896086,4.689608,46.86651,12.285881,7.732235
2016/1/16,[,2.4,3.1,4.0,3.9,43.0,37.0,23.0,2.3681912,4.117315,5.834184,5.834184,48.812874,10.495709,6.942954
2016/1/16,[,3.2,6.0,7.0,7.0,40.0,41.0,22.0,2.4733648,5.1852674,7.095382,7.0953827,50.802937,13.698019,9.2586
2016/1/16,[,6.9,9.9,11.200000000000001,11.0,35.0,38.0,19.0,2.4831717,6.4336386,8.425922,8.425923,51.055267,17.27395,11.541679
2016/1/16,[,7.6,11.0,12.7,13.0,34.0,38.0,17.0,2.3438444,8.25728,10.118529,10.118529,49.06876,16.752949,11.265126
2016/1/16,[,6.5,10.0,12.0,12.0,35.0,40.0,16.0,2.1279762,11.009251,12.164709,12.164709,43.992157,15.8335705,10.730719
2016/1/16,[,5.1,7.4,9.7,9.7,38.0,39.0,15.0,2.3021076,14.224702,14.445294,14.445294,37.02125,17.810997,11.83772
2016/1/16,[,4.2,6.1,8.5,8.5,40.0,45.0,13.0,2.44364,14.7312765,14.93397,14.93397,34.27391,12.40572,8.554407
2016/1/16,[,4.3,6.1,8.7,8.7,41.0,45.0,14.0,2.9321785,16.264557,16.446373,16.446375,31.973906,10.936174,7.516753
2016/1/16,[,4.3,6.1,8.399999999999999,8.4,41.0,52.0,16.0,3.157859,16.348974,16.508312,16.508312,31.427431,12.059727,8.360159
2016/1/16,[,6.9,9.7,12.799999999999999,13.0,38.0,52.0,14.0,3.7908006,18.651829,18.810474,18.810474,27.954002,14.517506,10.395901
2016/1/16,[,4.8,12.0,15.5,15.0,36.0,47.0,14.0,4.2815905,21.839626,21.99758,21.99758,22.681332,20.115833,14.5865965
2016/1/16,[,3.4,10.0,12.5,13.0,36.0,41.0,14.0,3.661543,22.628773,22.748405,22.748405,19.849218,27.662413,20.387299
2016/1/16,[,5.3,22.0,24.4,25.0,21.0,34.0,15.0,4.049379,20.075048,20.141928,20.141928,22.527847,42.227287,32.160526
2016/1/16,[,6.0,24.0,28.8,29.0,18.0,42.0,14.0,4.2860317,23.696745,23.947119,23.947119,17.557032,57.232502,43.554626
2016/1/16,[,3.2,13.0,14.3,14.0,30.0,38.0,16.0,4.838457,33.914253,35.544502,35.5445,5.219509,59.22522,45.330067
2016/1/16,[,2.4,11.0,12.3,13.0,29.0,42.0,15.0,3.0690134,25.12617,26.116264,26.116264,11.797217,40.884377,33.47244
2016/1/16,[,3.5,21.0,22.7,22.0,20.0,33.0,12.0,2.0616608,10.996277,11.16745,11.167449,34.019314,15.659148,12.535983
2016/1/16,[,6.9,22.0,23.6,24.0,19.0,36.0,13.0,1.7509086,11.288326,11.436378,11.436378,33.919033,6.921912,5.4795737
2016/1/16,[,4.2,20.0,21.5,22.0,15.0,33.0,13.0,1.5510759,13.243446,13.418556,13.418556,32.719532,7.214804,5.9082093
2016/1/17,[,2.8,15.0,16.0,16.0,19.0,37.0,14.0,2.0290923,5.9412365,6.123678,6.1236777,38.749332,7.155162,5.7433963
2016/1/17,[,2.1,14.0,15.1,15.0,18.0,31.0,13.0,2.1301947,3.7789578,4.0290513,4.0290513,40.531895,5.1834564,4.042355
2016/1/17,[,2.8,19.0,20.0,20.0,9.0,40.0,15.0,1.6135256,3.2134545,3.5328953,3.5328953,42.315166,3.159167,2.1733572
2016/1/17,[,3.0,13.0,13.7,13.0,17.0,41.0,13.0,1.6512847,3.3694696,3.9648194,3.9648194,42.68898,3.4295216,2.018596
2016/1/17,[,2.2,7.6,8.1,8.0,33.0,48.0,15.0,1.5791501,3.296279,4.008948,4.008948,42.791016,3.4103935,2.106123
2016/1/17,[,2.2,8.9,9.5,9.5,37.0,46.0,19.0,1.5361474,3.343511,3.9773836,3.9773839,45.076828,3.515168,2.3735876
2016/1/17,[,2.6,10.0,10.7,11.0,35.0,54.0,21.0,1.826737,3.1474214,3.8283734,3.8283734,47.56977,3.4809632,2.489036
2016/1/17,[,1.9,9.0,9.9,9.9,30.0,66.0,22.0,1.8178073,2.8491795,3.421979,3.421979,50.91593,3.3998535,2.431763
2016/1/17,[,1.8,9.2,10.399999999999999,10.0,33.0,65.0,23.0,1.7187606,3.328743,3.7468052,3.7468052,50.29486,3.6027193,2.6784735
2016/1/17,[,3.1,15.0,16.5,16.0,26.0,52.0,24.0,2.0011823,4.5264096,4.8087416,4.808742,47.885498,2.8633766,2.1743205
2016/1/17,[,1.6,14.0,15.9,15.0,25.0,37.0,22.0,2.417705,6.5347605,6.6911006,6.6911006,46.14949,3.0210009,2.142783
2016/1/17,[,1.8,13.0,15.2,16.0,28.0,30.0,21.0,1.924163,4.6925416,4.837468,4.837468,47.35378,4.142467,3.29751
2016/1/17,[,1.6,15.0,16.8,17.0,28.0,27.0,19.0,2.0167687,3.476097,3.6010084,3.6010082,48.657513,8.5021105,5.9066463
2016/1/17,[,2.4,18.0,21.0,21.0,24.0,19.0,17.0,2.684218,3.6979737,3.803646,3.8036458,50.625862,16.181477,10.590137
2016/1/17,[,1.9,14.0,17.0,17.0,27.0,14.0,13.0,3.335988,4.389123,4.48883,4.4888306,48.356274,21.028963,13.069529
2016/1/17,[,1.8,14.0,15.3,16.0,26.0,17.0,11.0,3.364834,4.5107265,4.606865,4.606865,45.321026,20.940186,10.816596
2016/1/17,[,1.9,18.0,19.5,19.0,26.0,19.0,7.0,4.1434464,5.6598907,5.776342,5.776342,41.20419,23.765335,11.652501
2016/1/17,[,1.9,14.0,15.4,16.0,31.0,27.0,8.0,5.130885,7.734861,7.892397,7.8923974,33.308075,30.641094,16.16252
2016/1/17,[,1.6,7.1,7.8999999999999995,7.9,42.0,24.0,7.0,5.233397,6.820724,6.963088,6.9630876,33.642426,39.01479,22.652172
2016/1/17,[,1.5,4.6,5.199999999999999,5.2,48.0,25.0,11.0,5.266979,6.264793,6.4000196,6.4000196,33.77881,49.61598,31.827873
2016/1/17,[,1.3,3.9,4.3,4.3,45.0,27.0,10.0,5.4475193,5.8528113,5.9819574,5.9819574,34.36287,48.977432,32.667873
2016/1/17,[,1.4,4.7,5.2,5.2,33.0,23.0,8.0,5.3946123,5.615978,5.744685,5.744685,34.484936,49.07693,33.417484
2016/1/17,[,1.6,5.6,6.1,6.1,31.0,25.0,9.0,5.0731783,5.712895,5.857805,5.857805,34.457848,53.316082,36.561424
2016/1/17,[,1.1,10.0,10.3,11.0,24.0,25.0,9.0,4.692314,6.9305286,7.1622643,7.162264,32.56808,60.13193,40.647915
2016/1/18,[,1.8,8.7,8.799999999999999,8.8,26.0,33.0,6.0,4.419129,7.3218894,8.217166,8.217166,31.281788,64.29579,43.12948
2016/1/18,[,3.1,10.0,10.3,11.0,26.0,34.0,9.0,4.3499227,5.978462,7.759334,7.759334,33.241116,70.702805,48.393723
2016/1/18,[,2.7,9.4,9.700000000000001,9.7,30.0,33.0,12.0,4.1722574,4.8386765,6.771724,6.771724,38.392063,77.070625,54.220673
2016/1/18,[,1.8,8.3,8.8,8.7,32.0,30.0,11.0,3.8945637,3.8598237,5.4886866,5.488686,45.100254,75.70217,55.110676
2016/1/18,[,3.5,9.9,10.200000000000001,10.0,34.0,30.0,10.0,3.4467826,2.8364575,3.9929733,3.9929733,51.107124,75.66315,54.72642
2016/1/18,[,6.7,13.0,13.4,13.0,32.0,40.0,13.0,3.1626465,2.4470282,3.3832097,3.38321,54.980865,74.954025,53.78919
2016/1/18,[,5.6,14.0,14.8,15.0,32.0,46.0,15.0,2.7815223,2.2733977,3.0773478,3.0773478,56.536953,70.67276,49.860584
2016/1/18,[,5.7,15.0,16.6,17.0,31.0,57.0,16.0,2.5357797,2.3198953,3.0354981,3.0354981,56.969517,68.07171,48.056118
2016/1/18,[,6.4,14.0,15.7,16.0,32.0,52.0,20.0,2.6122541,2.8081477,3.4411678,3.4411678,57.155212,67.64857,48.804802
2016/1/18,[,6.0,,,,35.0,58.0,21.0,2.8546157,3.925968,4.3845215,4.3845215,56.71341,72.71523,53.986034
2016/1/18,[,4.0,,,,39.0,,,3.130093,5.136124,5.3841386,5.3841386,55.71824,85.79252,65.527985
2016/1/18,[,3.3,8.5,11.3,11.0,43.0,66.0,29.0,3.5245898,5.792692,6.0098066,6.009807,54.88011,98.19727,76.90528
2016/1/18,[,4.2,8.4,11.0,11.0,49.0,75.0,34.0,3.9360406,6.8125544,6.995511,6.9955106,52.03634,98.37872,77.86036
2016/1/18,[,3.8,8.5,10.7,11.0,55.0,83.0,37.0,4.415414,6.9447746,7.1125736,7.1125736,49.89902,105.30205,84.70567
2016/1/18,[,3.8,8.6,10.7,11.0,55.0,96.0,41.0,5.1556044,6.4975076,6.6487722,6.6487722,48.622883,125.38184,100.985016
2016/1/18,[,5.5,11.0,13.2,13.0,53.0,101.0,46.0,5.6462235,5.7213054,5.857517,5.857517,48.598923,139.28403,113.041954
2016/1/18,[,6.4,12.0,14.2,14.0,51.0,96.0,46.0,5.7839994,5.0388575,5.159156,5.159156,48.89705,137.77676,111.96511
2016/1/18,[,5.2,12.0,14.0,14.0,48.0,87.0,48.0,5.62158,4.4615483,4.567532,4.5675325,49.178814,130.93202,105.13194
2016/1/18,[,3.6,10.0,11.7,12.0,50.0,76.0,49.0,5.3047824,4.2038484,4.301559,4.301559,48.36091,119.6093,93.42318
2016/1/18,[,4.8,16.0,17.7,18.0,43.0,68.0,47.0,4.7826757,4.0946817,4.1926126,4.1926126,46.47217,101.01499,75.658
2016/1/18,[,5.2,19.0,20.7,20.0,41.0,73.0,48.0,4.366931,4.0697646,4.171221,4.171221,44.38765,86.893036,62.886364
2016/1/18,[,4.0,16.0,17.7,18.0,44.0,84.0,49.0,4.265658,4.109242,4.2188416,4.2188416,42.216965,80.25513,57.625004
2016/1/18,[,5.8,23.0,24.6,24.0,35.0,95.0,50.0,4.384291,4.450893,4.580345,4.5803456,39.999916,73.41659,52.96314
2016/1/18,[,7.8,22.0,23.4,23.0,35.0,104.0,52.0,4.7278113,5.5759616,5.7717814,5.7717814,36.974472,66.234436,48.41722
2016/1/19,[,,,,,,,55.0,5.104174,6.999244,7.412607,7.4126077,33.14574,62.8003,46.692104
2016/1/19,[,,,,,,,59.0,5.2690525,7.204308,7.7782536,7.778254,30.746181,67.23418,49.538666
2016/1/19,[,,,,,,,62.0,5.1633925,6.729858,7.494878,7.494878,30.34471,13.127267,10.012989
2016/1/19,[,,,,,,,67.0,4.9901257,6.4159784,7.434617,7.4346166,32.87042,7.566758,5.676957
2016/1/19,[,,,,,,,72.0,4.825357,6.450361,7.393809,7.393809,36.546265,9.694494,7.256169
2016/1/19,[,,,,,,,73.0,4.7167816,6.622361,7.4369416,7.436941,40.42227,4.984912,3.913283
2016/1/19,[,,,,,,,74.0,4.6120315,6.4520535,7.161156,7.1611557,43.220757,9.240332,7.2152834
2016/1/19,[,,,,,,,74.0,4.493157,5.844781,6.569617,6.5696163,46.960545,25.70663,19.408773
2016/1/19,[,,,,,,,73.0,4.324519,5.5205393,6.110622,6.110622,50.232376,41.970795,31.362482
2016/1/19,[,,,,,,,77.0,4.296408,6.3875523,6.7702017,6.770202,50.95453,55.18748,41.82655
2016/1/19,[,,,,,,,77.0,4.25194,7.2139997,7.488653,7.4886537,50.52355,56.625847,42.862526
2016/1/19,[,,,,,,,76.0,4.1917624,6.9143806,7.1590333,7.159033,48.943146,41.049072,31.383194
2016/1/19,[,,,,,,,75.0,4.2023745,7.5109506,7.7172318,7.717232,45.942142,30.053665,23.173737
2016/1/19,[,,,,,,,76.0,4.0652695,7.281709,7.4694757,7.4694753,44.912575,42.201885,31.965212
2016/1/19,[,,,,,,,76.0,3.7432399,5.928033,6.097377,6.097377,44.81222,58.082954,42.338806
2016/1/19,[,,,,,,,72.0,3.2242088,4.719924,4.88235,4.88235,43.554558,55.82173,37.975746
2016/1/19,[,,,,,,,67.0,2.9904017,4.404843,4.556175,4.556175,41.928997,47.205727,31.106506
2016/1/19,[,,,,,,,66.0,2.6374052,3.996355,4.1378274,4.1378274,40.459846,28.299654,18.47967
2016/1/19,[,,,,,,,66.0,2.0813305,3.69946,3.837509,3.8375092,38.622547,11.4756,7.898755
2016/1/19,[,,,,,,,61.0,1.9620208,3.4296188,3.5644097,3.56441,37.643726,17.994545,11.112539
2016/1/19,[,,,,,,,58.0,1.8199894,3.3799174,3.5124629,3.512463,37.11285,21.752085,13.520814
2016/1/19,[,,,,,,,50.0,1.7406187,3.365559,3.4979815,3.4979815,36.998886,10.681513,6.8452964
2016/1/19,[,,,,,,,44.0,1.8619953,3.4493768,3.6000068,3.6000066,36.241646,8.4242,4.636105
2016/1/19,[,,,,,,,43.0,1.5275767,4.2372246,4.4578977,4.457898,34.19896,9.279357,5.486755
2016/1/20,[,6.9,12.0,12.8,13.0,44.0,53.0,42.0,1.4580749,4.7491856,5.1211667,5.1211667,33.225388,9.0935135,5.5215273
2016/1/20,[,5.6,13.0,13.6,14.0,43.0,55.0,35.0,1.2366672,4.80313,5.371378,5.371378,33.174545,4.726763,3.2765443
2016/1/20,[,4.0,11.0,11.6,11.0,44.0,52.0,29.0,1.5742456,5.063355,6.259404,6.259404,32.607723,5.009156,3.2216387
2016/1/20,[,4.0,14.0,14.9,15.0,40.0,53.0,27.0,1.7432904,5.0402727,6.3069663,6.3069663,33.227554,5.3381286,3.3507915
2016/1/20,[,4.1,10.0,10.7,11.0,40.0,51.0,24.0,2.4969559,8.001242,9.1588,9.1588,31.497768,6.481513,4.3040657
2016/1/20,[,4.4,14.0,15.0,15.0,34.0,45.0,23.0,2.502623,7.3345003,8.790952,8.790952,33.136116,7.1349287,4.9645457
2016/1/20,[,3.9,14.0,15.5,16.0,32.0,44.0,23.0,1.9930633,5.925141,7.1307907,7.1307907,34.207035,6.770629,5.0468187
2016/1/20,[,4.4,12.0,13.7,14.0,35.0,39.0,22.0,1.3395338,5.283275,5.9300594,5.930059,34.412846,3.488707,2.67482
2016/1/20,[,5.5,17.0,19.3,19.0,30.0,41.0,23.0,1.6246389,6.055052,6.7645383,6.764539,33.68357,3.8967662,2.7831705
2016/1/20,[,4.5,14.0,16.1,16.0,32.0,40.0,20.0,1.807757,7.9166193,8.56489,8.56489,31.650063,5.7233715,4.2001095
2016/1/20,[,5.7,12.0,14.0,14.0,35.0,44.0,19.0,1.5502264,6.905226,7.349149,7.3491488,32.620308,5.0397015,3.6549397
2016/1/20,[,3.8,10.0,13.3,13.0,36.0,37.0,19.0,1.8376259,8.096531,8.496616,8.496617,31.138067,3.9241228,2.866426
2016/1/20,[,3.3,7.4,10.0,10.0,38.0,38.0,18.0,1.7950772,9.675562,10.039747,10.039747,28.199104,5.815402,4.486469
2016/1/20,[,6.5,13.0,15.9,16.0,32.0,36.0,16.0,1.3635834,7.7029605,8.016764,8.016765,29.35439,7.2736006,5.1803064
2016/1/20,[,5.1,11.0,13.2,14.0,34.0,44.0,14.0,1.4986472,9.500075,9.796328,9.796327,27.038761,6.4483514,4.5381074
2016/1/20,[,4.7,13.0,15.6,15.0,32.0,39.0,12.0,1.6830994,10.711851,10.989301,10.989301,25.507822,14.629772,8.812222
2016/1/20,[,6.7,14.0,16.0,16.0,31.0,38.0,12.0,1.6827494,9.251647,9.4893,9.4893,26.609758,17.238873,10.320054
2016/1/20,[,4.3,10.0,11.5,12.0,35.0,36.0,12.0,1.4424112,4.958052,5.11734,5.11734,31.807281,10.309294,6.4959407
2016/1/20,[,5.4,12.0,13.2,13.0,33.0,40.0,11.0,1.2504482,3.679237,3.8036115,3.8036115,33.76987,8.012892,4.7840166
2016/1/20,[,6.6,12.0,13.3,13.0,32.0,41.0,10.0,1.3273823,2.992035,3.100885,3.100885,35.10448,6.5817213,3.2161586
2016/1/20,[,7.5,14.0,15.2,15.0,30.0,37.0,11.0,1.2002928,2.3620827,2.468195,2.468195,36.14328,5.0649395,2.1976228
2016/1/20,[,4.8,16.0,17.1,17.0,28.0,35.0,10.0,0.97177213,2.4362376,2.5470982,2.5470982,36.00349,3.8327203,2.195
2016/1/20,[,3.3,16.0,16.9,17.0,23.0,29.0,11.0,0.9684509,2.5386457,2.6696064,2.6696064,35.898373,3.8323746,2.0313475
2016/1/20,[,2.2,15.0,16.0,16.0,19.0,35.0,12.0,0.927928,2.8759885,3.0709038,3.0709035,35.49701,3.2945642,1.9545211
2016/1/21,[,4.8,30.0,35.2,36.0,2.0,42.0,11.0,0.8011668,3.7441473,4.0807457,4.080745,34.429832,2.835894,2.0211678
2016/1/21,[,4.4,30.0,36.3,37.0,0.9,50.0,12.0,0.8743816,4.6358895,5.1293306,5.1293306,32.871174,4.301257,3.1182158
2016/1/21,[,4.3,26.0,31.2,31.0,14.0,52.0,12.0,0.9439226,3.9285738,4.5370913,4.5370913,33.02944,4.3471546,3.151389
2016/1/21,[,1.7,2.3,3.8,3.9,41.0,40.0,11.0,1.1317971,3.2737243,4.029581,4.029581,34.158493,3.3302677,2.360927
2016/1/21,[,1.5,2.7,4.0,4.0,41.0,32.0,10.0,1.2857356,3.7025275,4.5314746,4.5314746,35.007763,3.1992025,2.348383
2016/1/21,[,1.3,2.6,3.9000000000000004,3.8,41.0,19.0,9.0,1.2218794,3.0627594,3.670823,3.6708229,36.388767,2.8570175,2.16759
2016/1/21,[,1.3,2.9,4.2,4.3,41.0,22.0,8.0,1.1467365,2.4956706,3.1862695,3.1862695,37.020397,2.7587116,2.0120795
2016/1/21,[,1.2,2.6,4.0,4.0,41.0,27.0,7.0,1.2995806,2.6643167,3.3433955,3.3433955,37.3291,2.7192225,1.907952
2016/1/21,[,1.3,3.0,4.5,4.5,40.0,31.0,6.0,1.3973501,3.1985621,3.8682358,3.8682358,36.701946,2.8270888,1.9502784
2016/1/21,[,1.3,3.1,4.8,4.8,40.0,28.0,5.0,1.13354,3.8467715,4.355059,4.3550596,35.649445,2.680691,2.0359538
2016/1/21,[,1.4,4.2,5.800000000000001,5.8,39.0,22.0,3.0,1.0102736,4.729463,5.165691,5.165691,34.01229,3.731297,3.0406075
2016/1/21,[,1.3,3.6,5.4,5.4,40.0,22.0,3.0,1.0432423,4.001115,4.3684406,4.368441,34.257908,3.1753588,2.384644
2016/1/21,[,1.8,4.8,6.8,6.8,38.0,23.0,5.0,1.2318127,3.7132916,4.015631,4.015631,33.725872,2.3171084,1.465924
2016/1/21,[,1.5,3.6,5.5,5.5,39.0,25.0,5.0,1.3034983,3.798677,4.0708475,4.0708475,33.31606,3.4669304,1.771193
2016/1/21,[,1.3,2.8,4.3,4.4,40.0,23.0,5.0,1.3131051,3.6362002,3.8715453,3.8715453,33.51282,4.026079,1.5736701
2016/1/21,[,1.3,3.3,5.199999999999999,5.1,41.0,26.0,5.0,1.1981114,3.164082,3.3754666,3.3754666,33.610012,6.2265377,2.001474
2016/1/21,[,1.2,3.3,5.199999999999999,5.1,40.0,28.0,7.0,1.0467553,2.8770437,3.0653312,3.0653315,33.393906,7.711463,2.671445
2016/1/21,[,1.2,3.2,4.7,4.7,39.0,35.0,6.0,1.0590456,2.9507983,3.1236393,3.123639,32.93215,9.23095,3.2327023
2016/1/21,[,1.2,3.6,5.3,5.3,39.0,32.0,6.0,1.1405492,2.897154,3.0581622,3.058162,32.880703,10.785511,3.1605403
2016/1/21,[,1.4,3.2,4.6,4.6,38.0,25.0,6.0,1.2887868,2.790215,2.939825,2.939825,33.423683,11.3494425,2.4001534
2016/1/21,[,1.3,2.9,4.3,4.3,39.0,20.0,5.0,1.325082,2.8619905,3.0025232,3.002523,33.871506,12.459935,2.6534822
2016/1/21,[,1.8,5.1,6.6,6.6,36.0,19.0,5.0,1.3034188,2.8835204,3.0242875,3.0242875,34.257965,13.68514,2.9398797
2016/1/21,[,2.3,6.2,7.7,7.7,35.0,17.0,5.0,1.3171154,3.0549335,3.21474,3.21474,34.167053,14.670078,3.0269244
2016/1/21,[,7.2,8.6,10.0,10.0,33.0,15.0,5.0,1.337367,3.5611005,3.7843096,3.7843096,33.858925,15.521348,3.1601858
2016/1/22,[,7.1,7.7,9.0,9.0,34.0,16.0,2.0,1.4129069,4.5563774,5.019662,5.019662,33.05547,17.153826,4.2840357
2016/1/22,[,3.2,7.8,9.2,9.2,34.0,24.0,3.0,1.3108714,6.2167997,6.8093953,6.8093953,30.955873,11.537318,4.92732
2016/1/22,[,2.3,6.1,7.5,7.5,37.0,23.0,3.0,1.0124519,6.2903066,6.8487816,6.8487816,30.673317,5.39946,3.7456331
2016/1/22,[,4.2,7.1,7.6,7.6,36.0,27.0,2.0,0.9768405,5.924837,6.591092,6.5910916,31.079023,5.31127,3.657092
2016/1/22,[,5.2,7.8,8.4,8.4,36.0,23.0,3.0,0.8996333,5.332093,5.9643555,5.9643555,32.22153,4.96064,3.2403464
2016/1/22,[,5.3,8.0,8.7,8.7,35.0,25.0,3.0,0.90176433,5.1313796,5.6533685,5.6533685,32.895348,4.302481,2.8978174
2016/1/22,[,5.1,8.4,9.3,9.3,35.0,21.0,3.0,1.0412263,4.541648,4.9806857,4.980686,33.867844,3.408131,2.4415004
2016/1/22,[,6.0,10.0,11.3,11.0,33.0,29.0,6.0,1.4202287,3.7870893,4.2795215,4.2795215,35.24138,2.1690323,1.4448696
2016/1/22,[,4.7,17.0,18.9,19.0,27.0,33.0,6.0,1.5081936,3.9035172,4.391532,4.391532,35.44708,2.5809646,1.5892514
2016/1/22,[,7.4,27.0,33.7,33.0,18.0,36.0,7.0,1.4958446,5.2559667,5.760111,5.760111,34.17414,4.066802,2.7843204
2016/1/22,[,6.6,19.0,24.3,24.0,23.0,37.0,8.0,1.4314224,4.911373,5.354369,5.3543687,34.502106,4.020032,2.7676148
2016/1/22,[,5.0,15.0,18.3,18.0,27.0,34.0,8.0,1.5961183,4.1695247,4.5334215,4.533421,35.73566,2.655163,1.542488
2016/1/22,[,7.1,16.0,19.5,19.0,27.0,32.0,10.0,1.5715901,3.563777,3.8273904,3.8273904,36.79452,2.4065971,1.3333949
2016/1/22,[,5.2,14.0,15.8,15.0,30.0,27.0,10.0,1.4570574,2.879077,3.096303,3.096303,37.644073,2.8990202,1.2662214
2016/1/22,[,6.0,14.0,15.8,16.0,31.0,33.0,11.0,1.335198,2.7903016,2.9785857,2.9785857,37.821117,3.7536669,1.9535134
2016/1/22,[,4.5,15.0,16.5,16.0,29.0,33.0,12.0,1.2926489,2.7418897,2.9034,2.9034,38.457355,4.3715363,2.4620872
2016/1/22,[,3.3,11.0,12.5,12.0,34.0,35.0,13.0,1.4056438,2.6876078,2.825574,2.8255737,38.771378,4.5493393,2.2200165
2016/1/22,[,1.7,5.5,6.4,6.4,40.0,30.0,11.0,1.3411412,2.6641097,2.7877374,2.7877374,36.288525,3.7553263,1.6453651
2016/1/22,[,1.5,3.6,4.4,4.4,41.0,32.0,12.0,1.4175555,3.5273535,3.657816,3.6578157,31.856678,3.7042475,1.485564
2016/1/22,[,1.5,3.1,3.8,3.8,40.0,33.0,12.0,1.5734639,4.0478625,4.1837115,4.1837115,29.990202,5.0145936,1.7091473
2016/1/22,[,1.4,2.6,3.4000000000000004,3.5,41.0,31.0,9.0,1.7988123,4.352486,4.493328,4.493328,29.665432,6.8468027,2.5091512
2016/1/22,[,1.3,2.1,2.8,2.8,41.0,23.0,10.0,1.9430292,4.1915197,4.3379307,4.3379307,30.746828,7.1969624,2.4103909
2016/1/22,[,1.3,1.8,2.3,2.3,42.0,21.0,9.0,1.9727308,3.953225,4.1148214,4.1148214,31.766996,7.91288,2.7412937
2016/1/22,[,1.2,1.8,2.4,2.4,42.0,25.0,6.0,2.138996,4.1110635,4.2948093,4.2948093,31.98076,16.12048,6.956345
2016/1/23,[,1.0,1.8,2.4,2.4,41.0,30.0,3.0,2.476743,4.82111,5.081404,5.081404,30.605461,23.19867,10.949345
2016/1/23,[,1.2,2.8,3.4,3.4,36.0,28.0,3.0,2.6552832,5.4677434,5.8755355,5.875536,30.10785,16.592247,9.045442
2016/1/23,[,1.3,2.8,3.1999999999999997,3.3,36.0,25.0,2.0,2.450636,5.2489533,5.8049383,5.8049383,31.187424,7.5303574,4.603214
2016/1/23,[,1.3,2.8,3.5,3.5,35.0,27.0,2.0,2.3951302,4.4331098,5.18414,5.1841407,33.626163,8.138241,4.4011836
2016/1/23,[,1.4,2.9,3.5,3.5,35.0,26.0,3.0,2.4675488,4.3664646,5.168597,5.168597,35.537445,17.202927,9.317375
2016/1/23,[,1.5,3.1,3.8,3.7,34.0,25.0,2.0,2.784888,4.711135,5.355386,5.3553863,37.925495,31.915413,18.11175
2016/1/23,[,1.5,3.1,3.9000000000000004,3.9,33.0,19.0,2.0,3.049456,4.729791,5.1703997,5.1703997,40.655888,48.011284,28.292437
2016/1/23,[,1.5,3.6,4.5,4.5,32.0,23.0,5.0,3.5059614,4.768878,5.16132,5.1613197,43.263695,64.157616,41.08744
2016/1/23,[,1.3,3.1,3.9000000000000004,3.9,34.0,25.0,5.0,4.4021187,5.26437,5.598466,5.5984654,46.09634,68.02714,48.736706
2016/1/23,[,1.2,2.9,3.9,3.9,36.0,25.0,6.0,4.896613,5.394088,5.6763525,5.6763525,47.25622,61.945854,46.45789
2016/1/23,[,1.3,3.0,3.9,3.9,36.0,31.0,5.0,4.9636517,5.621138,5.861683,5.861683,45.557266,44.463642,33.778316
2016/1/23,[,1.6,3.0,3.9,3.9,37.0,36.0,8.0,4.7925506,5.428965,5.645016,5.645016,44.88871,67.62012,50.62481
2016/1/23,[,1.9,3.3,4.3,4.3,37.0,49.0,10.0,4.581237,5.154795,5.343076,5.3430758,44.381462,91.6101,67.49767
2016/1/23,[,2.3,3.7,4.6000000000000005,4.6,37.0,50.0,13.0,4.354198,5.2311897,5.41135,5.41135,42.54753,94.31931,68.38219
2016/1/23,[,2.9,4.0,5.2,5.2,39.0,49.0,18.0,3.9701447,5.116617,5.291897,5.291897,40.627728,89.16441,62.40301
2016/1/23,[,3.5,4.2,5.1000000000000005,5.1,42.0,57.0,23.0,3.3817372,4.455861,4.6177273,4.6177273,39.61293,69.82039,45.842873
2016/1/23,[,3.6,4.6,5.8,5.9,44.0,66.0,32.0,2.7962966,3.8071175,3.9491053,3.9491053,38.794758,54.86507,33.526054
2016/1/23,[,3.9,4.7,5.7,5.6,44.0,71.0,36.0,2.512989,3.4374819,3.556723,3.556723,38.237606,50.548607,30.080551
2016/1/23,[,4.0,4.8,5.6,5.6,42.0,70.0,41.0,2.4524217,3.4197736,3.531826,3.531826,37.183205,46.294727,27.204247
2016/1/23,[,3.9,7.1,8.0,8.0,36.0,69.0,45.0,2.4344056,3.5919497,3.702672,3.702672,35.8484,42.782867,24.294706
2016/1/23,[,5.9,10.0,11.2,11.0,32.0,73.0,45.0,2.4647696,3.8429415,3.9555001,3.9555001,34.795074,40.91956,22.913933
2016/1/23,[,6.8,10.0,11.0,11.0,34.0,75.0,46.0,2.49857,3.9011316,4.0170646,4.017065,33.971916,41.566917,23.496897
2016/1/23,[,7.3,10.0,10.8,11.0,34.0,76.0,46.0,2.4600492,3.7437267,3.8720233,3.8720233,33.8036,40.569946,23.572712
2016/1/23,[,6.6,9.8,10.700000000000001,11.0,36.0,77.0,47.0,2.4324207,3.79936,3.94879,3.94879,33.32309,40.592957,24.608229
2016/1/24,[,7.7,8.6,9.5,9.5,36.0,73.0,44.0,2.456414,3.5468357,3.8988051,3.8988051,33.4083,39.23191,24.886417
2016/1/24,[,5.0,6.1,6.8999999999999995,6.9,37.0,69.0,41.0,2.2504585,2.7478626,3.554485,3.554485,34.928665,37.519466,24.416138
2016/1/24,[,4.9,8.4,9.200000000000001,9.2,36.0,60.0,40.0,2.3831987,2.495522,3.6384377,3.6384377,35.74787,43.287125,30.121778
2016/1/24,[,3.9,5.6,6.199999999999999,6.2,39.0,54.0,35.0,2.5023801,2.3344374,3.6150842,3.6150842,36.926086,46.813076,33.927612
2016/1/24,[,4.7,8.0,8.7,8.7,36.0,47.0,35.0,2.6408005,2.233025,3.5594854,3.5594854,38.066696,46.628685,34.530144
2016/1/24,[,4.2,7.6,8.5,8.5,35.0,43.0,35.0,2.6403303,1.9294512,3.0905619,3.0905619,40.035496,48.126465,36.249023
2016/1/24,[,2.7,4.2,5.1000000000000005,5.1,41.0,48.0,34.0,2.3218591,1.5228536,2.4034765,2.4034765,40.40717,44.777245,32.24395
2016/1/24,[,2.7,4.2,5.1000000000000005,5.1,40.0,44.0,27.0,2.4175782,1.7731861,2.615158,2.6151583,40.611206,46.43011,33.38179
2016/1/24,[,2.8,4.1,5.3,5.2,41.0,53.0,24.0,2.5114536,2.199367,2.8911986,2.8911986,40.98434,46.177887,33.891506
2016/1/24,[,2.6,3.5,4.7,4.8,41.0,51.0,25.0,2.6456685,2.844279,3.3302464,3.3302464,40.506866,45.98938,34.799713
2016/1/24,[,2.6,3.8,5.199999999999999,5.2,41.0,57.0,22.0,2.651097,3.8543673,4.093432,4.093432,38.225796,45.471695,33.581444
2016/1/24,[,2.7,3.6,5.0,5.0,42.0,57.0,23.0,2.7324421,4.1158895,4.3225675,4.322567,37.716427,49.46001,37.005665
2016/1/24,[,2.4,3.0,3.9,3.9,42.0,59.0,21.0,2.7928514,4.2765784,4.45886,4.45886,37.193092,52.706097,40.29643
2016/1/24,[,2.3,2.6,3.6,3.6,43.0,58.0,19.0,2.980321,4.3739657,4.5407376,4.5407376,36.85893,59.424313,47.210167
2016/1/24,[,2.2,2.5,3.6,3.6,45.0,57.0,15.0,3.150393,4.1942906,4.3471937,4.347194,36.343536,61.8195,49.624607
2016/1/24,[,2.3,3.0,4.0,3.9,45.0,59.0,14.0,3.149753,4.0731487,4.217842,4.217842,35.1551,57.17874,44.35261
2016/1/24,[,2.2,2.8,3.8,3.8,46.0,62.0,13.0,2.9941955,4.087643,4.247585,4.247585,34.267998,47.88416,34.963905
2016/1/24,[,2.5,4.2,5.4,5.4,44.0,63.0,13.0,2.858333,4.0170236,4.188265,4.188265,33.531242,40.848873,28.27813
2016/1/24,[,2.6,3.9,4.9,4.9,44.0,61.0,12.0,2.6741488,3.953515,4.110726,4.110726,32.796627,36.66057,23.788128
2016/1/24,[,2.4,3.0,3.9,3.9,44.0,59.0,11.0,2.248254,3.5915651,3.739248,3.739248,33.17185,30.763165,18.191576
2016/1/24,[,2.6,3.8,4.7,4.8,43.0,61.0,13.0,1.9895877,3.3328123,3.4743037,3.4743037,33.90888,34.265728,19.368748
2016/1/24,[,3.0,4.3,5.2,5.2,42.0,63.0,13.0,1.9299855,3.5292165,3.6702213,3.6702213,33.348217,32.138,17.185396
2016/1/24,[,2.7,3.8,4.6,4.6,42.0,64.0,13.0,1.8658789,3.745315,3.907047,3.9070473,32.97263,30.655148,16.174963
2016/1/24,[,2.0,2.4,3.0,3.0,43.0,56.0,16.0,1.6977623,4.058085,4.304223,4.3042226,32.06068,29.792511,15.613142
2016/1/25,[,2.3,2.0,2.7,2.7,43.0,52.0,17.0,1.7168922,4.5211363,5.237238,5.237238,30.969343,32.75565,17.744928
2016/1/25,[,1.9,1.7,2.4,2.3,44.0,46.0,14.0,1.8348086,5.0482306,6.217985,6.217985,30.214827,35.04547,19.898521
2016/1/25,[,2.3,2.3,2.9,2.9,41.0,51.0,16.0,1.724763,4.35436,5.7105813,5.7105813,31.210428,34.099365,19.639208
2016/1/25,[,2.1,2.4,2.6999999999999997,2.7,42.0,50.0,15.0,1.5421139,3.237467,5.1894207,5.1894207,32.722237,28.48447,16.444035
2016/1/25,[,2.3,2.8,3.1999999999999997,3.3,41.0,54.0,12.0,1.4657909,2.7967997,4.7054787,4.7054787,35.183094,34.94774,20.141378
2016/1/25,[,2.9,6.0,6.6,6.5,37.0,53.0,12.0,1.3968415,2.9074903,4.3449965,4.3449965,37.143227,34.674156,20.36678
2016/1/25,[,3.9,9.4,10.200000000000001,10.0,34.0,57.0,13.0,1.4072422,2.7425737,3.9533587,3.9533591,38.015804,34.262264,20.019875
2016/1/25,[,2.9,9.6,10.799999999999999,11.0,32.0,54.0,12.0,1.4241419,2.500799,3.7651634,3.7651634,38.87452,36.17601,21.215265
2016/1/25,[,3.9,13.0,15.1,15.0,30.0,57.0,13.0,1.461334,2.9749105,4.039942,4.039942,38.43093,34.06538,20.036812
2016/1/25,[,3.9,14.0,16.5,16.0,29.0,50.0,15.0,1.4966209,3.7817376,4.536078,4.536078,37.659325,32.58622,19.123652
2016/1/25,[,3.7,12.0,14.6,15.0,30.0,55.0,17.0,1.6623938,5.363494,5.790356,5.7903557,36.169437,34.34337,20.656855
2016/1/25,[,3.7,8.5,11.0,11.0,34.0,52.0,18.0,1.8527651,6.5840807,6.9526606,6.9526606,34.955578,33.616154,20.951754
2016/1/25,[,3.2,7.8,10.4,10.0,34.0,53.0,18.0,2.0693305,7.296253,7.607668,7.607668,33.76288,29.380424,18.913893
2016/1/25,[,3.4,8.6,10.8,11.0,33.0,48.0,19.0,2.0693746,6.6464696,6.936957,6.9369574,32.499447,26.106592,16.793726
2016/1/25,[,3.6,11.0,13.5,13.0,33.0,43.0,19.0,2.1685026,7.398619,7.661478,7.661478,30.94254,27.470837,17.375786
2016/1/25,[,3.8,11.0,13.0,13.0,35.0,46.0,18.0,2.8064537,7.782032,8.025052,8.025052,30.10247,31.108448,19.662554
2016/1/25,[,5.0,14.0,16.0,16.0,34.0,47.0,19.0,2.9962852,7.8315744,8.060623,8.060623,29.23063,31.293833,19.613678
2016/1/25,[,5.7,15.0,16.6,16.0,34.0,49.0,20.0,3.0063717,6.80836,7.026188,7.026188,29.106392,30.11198,18.408573
2016/1/25,[,5.8,15.0,16.2,16.0,34.0,48.0,16.0,3.194389,7.2738576,7.4950347,7.4950347,27.06782,31.495674,19.129776
2016/1/25,[,5.4,13.0,14.0,14.0,35.0,50.0,17.0,3.395645,7.371627,7.596122,7.5961223,26.04854,33.3729,20.061438
2016/1/25,[,4.2,11.0,12.0,12.0,38.0,51.0,20.0,3.5037398,7.20269,7.42942,7.42942,25.835052,33.974922,19.985693
2016/1/25,[,3.7,8.1,8.799999999999999,8.8,40.0,55.0,21.0,3.6866639,7.08088,7.3052974,7.305297,26.415083,32.3847,18.953022
2016/1/25,[,8.1,15.0,15.7,16.0,32.0,57.0,20.0,4.18744,8.152043,8.409528,8.409528,25.112358,32.43353,18.94113
2016/1/25,[,13.0,22.0,22.7,22.0,27.0,55.0,21.0,4.9034686,11.847717,12.278518,12.278519,20.35908,33.695553,19.643337
2016/1/26,[,13.0,24.0,24.7,25.0,23.0,51.0,19.0,4.9380937,13.523725,16.058132,16.058134,19.46578,32.909115,19.488316
2016/1/26,[,15.0,31.0,31.7,32.0,18.0,43.0,19.0,3.9198482,10.353144,14.775759,14.775759,25.212742,31.228512,18.81138
2016/1/26,[,14.0,23.0,23.5,23.0,24.0,43.0,21.0,2.8884423,7.7508764,11.958874,11.958874,30.03988,28.894665,17.53232
2016/1/26,[,13.0,22.0,22.7,23.0,23.0,37.0,20.0,2.6445475,6.2264414,9.766609,9.766609,34.63779,27.189808,16.69409
2016/1/26,[,12.0,24.0,24.7,25.0,22.0,47.0,21.0,2.5340657,5.9349356,9.133058,9.133058,39.17243,25.438934,16.211143
2016/1/26,[,13.0,22.0,22.8,23.0,26.0,48.0,19.0,2.6333017,5.974705,8.884694,8.884694,43.19469,23.536606,15.594158
2016/1/26,[,6.8,24.0,25.4,26.0,24.0,49.0,23.0,2.7646918,5.6763315,8.164226,8.164227,45.199448,20.539467,14.110633
2016/1/26,[,12.0,30.0,34.8,35.0,19.0,51.0,24.0,2.639997,4.7892303,6.6482697,6.6482697,44.693798,16.436554,11.273079
2016/1/26,[,6.2,17.0,21.8,22.0,30.0,52.0,22.0,2.2353544,4.1502466,5.4536333,5.453634,42.487183,11.728797,7.6791887
2016/1/26,[,5.4,17.0,22.5,23.0,33.0,55.0,22.0,2.3563993,5.6414275,6.586748,6.5867476,39.389038,11.994705,7.5595026
2016/1/26,[,2.8,13.0,17.6,17.0,38.0,43.0,18.0,3.3716304,14.645232,15.112635,15.112634,31.222303,18.26396,12.411347
2016/1/26,[,,,,,,,,3.6619182,21.978552,22.461184,22.461184,23.011415,19.235231,13.01673
2016/1/26,[,,,,,43.0,38.0,17.0,3.3895109,20.919384,21.309343,21.309343,22.749065,15.71113,10.578209
2016/1/26,[,2.7,8.7,11.1,11.0,46.0,32.0,16.0,3.5648253,20.800505,21.158545,21.158545,22.438957,14.72551,10.027533
2016/1/26,[,2.8,11.0,13.9,14.0,44.0,36.0,16.0,3.8979988,19.66579,19.96245,19.96245,22.505495,14.540426,9.904622
2016/1/26,[,2.3,9.4,11.8,12.0,46.0,37.0,13.0,4.198654,18.050083,18.293465,18.293467,23.25885,14.395926,9.81968
2016/1/26,[,2.3,15.0,17.0,17.0,37.0,43.0,14.0,4.3361993,16.028389,16.210545,16.210545,24.931545,14.256288,9.294808
2016/1/26,[,4.9,29.0,32.5,32.0,21.0,50.0,14.0,3.9212852,11.941974,12.063517,12.063518,28.690226,14.029494,8.775793
2016/1/26,[,12.0,45.0,52.9,52.0,3.4,52.0,15.0,3.7743561,9.746937,9.83074,9.83074,30.556704,13.647308,8.453268
2016/1/26,[,15.0,51.0,59.6,60.0,2.1,55.0,18.0,3.7514875,8.731478,8.801363,8.801363,31.130085,13.923454,8.551808
2016/1/26,[,4.5,33.0,35.8,36.0,6.9,46.0,20.0,3.8697965,9.227679,9.299137,9.299137,29.77705,15.528952,9.4419775
2016/1/26,[,6.8,31.0,33.7,33.0,9.0,40.0,18.0,5.6963773,14.082546,14.161626,14.161626,23.360523,22.436033,13.566903
2016/1/26,[,5.8,29.0,30.6,30.0,10.0,37.0,20.0,7.6049514,18.866667,19.00349,19.00349,14.907683,35.401672,21.5345
2016/1/26,[,7.5,30.0,31.2,31.0,12.0,39.0,20.0,9.199841,24.550097,25.196693,25.196693,9.260324,40.19979,24.795023
2016/1/27,[,8.4,30.0,30.9,31.0,13.0,47.0,20.0,4.150209,15.575748,17.401716,17.401718,21.600666,24.234503,14.546217
2016/1/27,[,3.5,27.0,27.9,28.0,14.0,39.0,20.0,2.7977755,6.7809153,7.9125543,7.9125547,32.85193,16.305676,9.515954
2016/1/27,[,4.3,34.0,36.9,37.0,6.1,41.0,20.0,2.3219633,4.4074373,5.0949297,5.0949297,35.402042,16.78696,9.616489
2016/1/27,[,7.4,34.0,39.5,39.0,3.2,38.0,17.0,3.486722,6.592833,7.5643134,7.5643134,33.11301,19.657703,11.153074
2016/1/27,[,7.5,39.0,54.0,54.0,2.1,48.0,17.0,4.453447,8.720005,10.14888,10.148879,31.360544,19.790451,11.391722
2016/1/27,[,6.2,37.0,56.0,57.0,0.9,45.0,20.0,5.56686,10.747618,12.301809,12.301809,29.346252,19.570171,11.449892
2016/1/27,[,4.7,27.0,36.4,36.0,1.1,44.0,21.0,5.371711,10.388916,11.565479,11.565479,30.67479,16.274048,9.943779
2016/1/27,[,4.3,26.0,44.0,44.0,1.7,44.0,21.0,3.060114,6.729436,7.4406056,7.4406056,35.32165,7.394733,4.4576626
2016/1/27,[,4.5,30.0,59.0,60.0,2.8,50.0,22.0,2.6787293,8.222898,9.153285,9.153285,33.452312,5.749549,3.5994246
2016/1/27,[,5.2,33.0,70.0,70.0,4.1,62.0,25.0,2.7446647,13.270672,14.794575,14.794574,28.445486,6.0160265,4.1441836
2016/1/27,[,7.4,29.0,48.0,48.0,12.0,63.0,25.0,3.1031232,24.557224,25.475645,25.475643,17.816133,12.171093,8.987707
2016/1/27,[,9.1,39.0,69.0,69.0,10.0,73.0,25.0,5.0174,45.06534,52.933586,52.933586,1.6314992,24.251421,18.775736
2016/1/27,[,8.8,36.0,53.0,53.0,20.0,72.0,23.0,6.216703,44.61398,49.177593,49.177593,1.8804427,24.942768,18.914623
2016/1/27,[,3.1,13.0,18.6,19.0,33.0,67.0,24.0,7.2597265,40.08976,42.39157,42.39157,4.159727,26.629309,19.972206
2016/1/27,[,2.7,9.7,11.899999999999999,12.0,34.0,46.0,18.0,6.946351,32.326622,33.210976,33.21098,9.536374,23.801073,17.430208
2016/1/27,[,3.9,9.9,12.2,12.0,35.0,33.0,20.0,5.5669355,22.872152,23.220171,23.220171,15.909679,23.381643,17.024124
2016/1/27,[,2.5,9.5,11.2,11.0,35.0,39.0,16.0,4.8475633,18.655643,18.900946,18.900946,19.001652,23.008558,16.511543
2016/1/27,[,1.8,8.8,10.0,9.9,36.0,55.0,14.0,3.5372922,21.141869,21.651472,21.651472,17.14282,20.86186,16.181698
2016/1/27,[,1.7,9.5,10.5,10.0,32.0,66.0,16.0,1.9435925,12.814722,13.048205,13.048205,24.24658,19.38614,13.74113
2016/1/27,[,1.6,7.6,8.799999999999999,8.7,31.0,70.0,17.0,2.1117141,16.246986,16.590431,16.59043,20.380236,17.999657,12.671197
2016/1/27,[,1.8,11.0,12.4,12.0,24.0,58.0,20.0,3.1752114,16.419289,16.737978,16.737978,18.73671,17.862663,12.1249
2016/1/27,[,2.4,18.0,19.5,19.0,13.0,63.0,19.0,1.4363049,14.168017,14.330629,14.33063,17.733467,33.031242,23.065182
2016/1/27,[,2.0,10.0,11.4,11.0,27.0,51.0,22.0,0.20286354,14.394864,14.655443,14.655444,14.120428,37.11862,24.105995
2016/1/27,[,1.9,4.5,5.6,5.6,30.0,56.0,22.0,2.4634686,26.918104,33.197758,33.197758,4.10813,33.268337,23.07035
2016/1/28,[,1.6,7.5,8.5,8.5,23.0,53.0,24.0,2.958283,29.739838,51.954857,51.954857,3.082201,40.708485,30.73246
2016/1/28,[,2.7,14.0,15.2,15.0,15.0,65.0,27.0,3.801863,28.749382,64.66491,64.66491,6.152125,39.89807,31.924515
2016/1/28,[,2.9,12.0,13.1,13.0,16.0,63.0,26.0,3.5151668,23.216825,46.719254,46.719254,10.818265,36.92626,29.439142
2016/1/28,[,2.4,10.0,11.2,12.0,18.0,59.0,27.0,4.520046,20.465302,40.619267,40.61927,14.178312,35.717606,28.220417
2016/1/28,[,2.2,9.7,10.799999999999999,11.0,18.0,55.0,28.0,5.309644,15.727768,20.99418,20.99418,22.263031,34.6125,27.24293
2016/1/28,[,2.2,14.0,15.9,16.0,12.0,52.0,26.0,5.2259693,16.04906,19.208261,19.208261,24.567177,45.147713,36.96435
2016/1/28,[,2.4,21.0,25.2,25.0,6.2,64.0,29.0,4.3552394,12.12669,14.694318,14.694318,29.823942,36.563354,28.132236
2016/1/28,[,4.9,23.0,38.0,38.0,4.0,69.0,29.0,3.4790003,9.951959,10.799547,10.799547,35.01008,22.461496,16.216412
2016/1/28,[,3.6,29.0,60.0,59.0,2.2,79.0,29.0,2.859813,8.4036455,9.36712,9.367121,37.470474,10.824544,7.680017
2016/1/28,[,4.0,28.0,50.0,50.0,5.7,74.0,32.0,2.7058911,7.7214727,8.817081,8.817081,35.40394,5.331609,3.7030442
2016/1/28,[,3.4,22.0,31.5,31.0,13.0,70.0,31.0,2.7061505,9.656517,10.116459,10.116458,33.2878,5.952626,4.400156
2016/1/28,[,2.5,14.0,19.8,20.0,20.0,69.0,32.0,2.7031872,9.195587,9.532233,9.532233,32.354195,7.7617226,6.0815725
2016/1/28,[,3.1,16.0,20.4,20.0,20.0,61.0,32.0,2.3100462,6.1081705,6.3447633,6.3447633,34.478855,8.0239525,5.8696346
2016/1/28,[,2.8,12.0,15.3,16.0,27.0,51.0,32.0,1.4351702,4.205241,4.4307127,4.430713,35.30136,7.510201,4.7284803
2016/1/28,[,1.9,19.0,23.2,23.0,17.0,38.0,28.0,1.6869762,4.3254848,4.5389905,4.538991,32.58653,6.3574896,3.9980812
2016/1/28,[,2.3,16.0,19.6,20.0,22.0,28.0,28.0,2.487577,5.162746,5.3380013,5.3380017,30.124987,7.730751,4.9492354
2016/1/28,[,2.2,14.0,16.5,16.0,27.0,34.0,26.0,2.9777248,6.635923,6.8043003,6.8043003,27.695099,9.958343,6.433304
2016/1/28,[,1.8,14.0,15.9,16.0,27.0,29.0,20.0,3.2123775,7.489495,7.6390824,7.6390824,25.859346,10.947293,7.0116725
2016/1/28,[,1.5,10.0,12.1,13.0,30.0,28.0,17.0,3.5403152,8.159537,8.293432,8.293432,25.2696,11.353151,7.357888
2016/1/28,[,2.6,18.0,20.5,20.0,23.0,23.0,15.0,3.4397826,8.712824,8.831329,8.831329,25.777973,13.074621,8.49583
2016/1/28,[,2.8,26.0,28.2,28.0,19.0,27.0,14.0,3.079656,7.0997043,7.1845036,7.1845036,27.25026,11.740856,7.0740533
2016/1/28,[,4.8,29.0,35.9,36.0,9.3,31.0,12.0,2.2665508,4.2901077,4.378185,4.378185,29.113935,7.7682076,3.9699838
2016/1/28,[,8.1,35.0,43.0,43.0,4.4,34.0,14.0,1.9968787,3.8734553,3.9952264,3.9952261,29.193138,6.2306232,3.2691996
2016/1/28,[,4.6,28.0,29.9,30.0,8.3,34.0,12.0,2.6647236,5.9780006,6.2385216,6.2385216,22.385527,5.6388617,3.189177
2016/1/29,[,6.0,30.0,32.8,32.0,5.7,38.0,13.0,3.1954916,8.317061,9.009427,9.009427,16.952599,6.4727983,3.59208
2016/1/29,[,3.2,15.0,16.8,17.0,22.0,33.0,13.0,2.5197299,7.0453553,7.8970447,7.8970447,22.324106,3.911086,2.281982
2016/1/29,[,2.5,4.7,6.0,5.9,33.0,31.0,14.0,1.7727264,4.7695603,5.342376,5.342376,28.800146,4.0840373,2.1564348
2016/1/29,[,2.6,2.7,3.6,3.6,32.0,25.0,13.0,1.5484344,4.616428,5.2769656,5.2769656,29.70167,3.816916,2.5255132
2016/1/29,[,2.6,6.8,7.8,7.7,21.0,25.0,12.0,1.7628299,5.9354305,6.8341484,6.8341484,28.113045,5.6242046,4.197183
2016/1/29,[,2.3,8.0,9.2,9.2,20.0,28.0,11.0,1.393426,5.4969077,6.1705613,6.170561,30.092884,3.332541,2.574492
2016/1/29,[,2.3,5.6,7.0,7.0,26.0,26.0,7.0,1.3938138,4.1473784,4.5550175,4.5550175,33.10398,2.6116633,1.7284886
2016/1/29,[,2.3,8.1,10.2,10.0,29.0,28.0,6.0,1.2414782,3.8632386,4.213643,4.2136426,33.20652,2.708722,1.7335341
2016/1/29,[,2.0,6.5,8.5,8.4,32.0,25.0,9.0,1.507511,6.027835,6.4564896,6.4564896,31.482924,2.7697287,1.9079059
2016/1/29,[,1.8,9.0,11.0,11.0,29.0,27.0,9.0,1.6049035,7.6941586,8.211842,8.211842,29.188951,2.794668,2.0501873
2016/1/29,[,5.3,23.0,27.9,28.0,17.0,22.0,10.0,1.2214972,11.548204,12.150856,12.150856,24.402298,9.762926,7.60651
2016/1/29,[,2.9,23.0,29.3,29.0,20.0,20.0,10.0,0.7700212,12.735244,13.28581,13.285811,22.506037,11.860229,8.764307
2016/1/29,[,3.6,26.0,32.6,32.0,16.0,24.0,9.0,0.0020799055,25.3505,26.229095,26.229095,10.261184,14.607226,12.104295
2016/1/29,[,5.6,23.0,28.3,29.0,18.0,28.0,11.0,0.2397807,26.23381,27.137072,27.137074,8.707672,17.122223,12.88383
2016/1/29,[,3.6,17.0,21.4,21.0,24.0,34.0,12.0,1.0318865,22.760508,23.444622,23.44462,10.312752,11.991049,9.150647
2016/1/29,[,4.2,20.0,24.0,24.0,21.0,31.0,13.0,1.9364158,16.594082,16.97758,16.977581,17.50319,15.411221,10.28674
2016/1/29,[,4.7,22.0,28.0,28.0,19.0,30.0,11.0,0.7708317,14.322411,14.618784,14.618783,18.782,20.744888,12.20149
2016/1/29,[,3.6,19.0,21.5,22.0,21.0,23.0,11.0,0.9384299,16.995045,17.313803,17.313803,15.217503,31.873047,17.282164
2016/1/29,[,4.5,41.0,59.0,59.0,1.1,27.0,11.0,1.8488802,9.123469,9.312306,9.312307,24.001427,18.751404,10.371242
2016/1/29,[,9.0,35.0,61.0,61.0,5.5,33.0,14.0,0.82213074,3.6117573,3.7448425,3.7448425,32.52112,6.636916,3.903252
2016/1/29,[,4.3,27.0,31.1,31.0,11.0,37.0,13.0,1.0051956,3.537552,3.6832995,3.6832995,32.10648,7.243623,4.1062083
2016/1/29,[,4.3,7.7,8.9,8.9,29.0,32.0,12.0,2.2078755,4.4853525,4.664297,4.6642966,27.351,11.021921,4.3940287
2016/1/29,[,4.6,11.0,12.4,12.0,26.0,30.0,14.0,2.5761743,4.537115,4.720876,4.720876,28.882572,17.40609,5.755486
2016/1/29,[,2.2,3.4,4.2,4.2,32.0,28.0,11.0,2.4907684,4.5352097,4.7218876,4.721888,31.484905,21.689468,7.679339
2016/1/30,[,5.2,11.0,12.2,12.0,21.0,30.0,10.0,2.4735544,4.161256,4.4305277,4.4305277,33.756237,27.738808,10.975349
2016/1/30,[,4.6,11.0,12.3,12.0,21.0,28.0,92.0,2.5145948,4.2670536,4.7373705,4.73737,33.89539,25.586834,10.836045
2016/1/30,[,5.2,11.0,12.1,12.0,21.0,32.0,89.0,2.4911485,4.246129,4.985313,4.9853134,34.156353,18.067245,8.247451
2016/1/30,[,4.4,11.0,12.1,12.0,24.0,30.0,89.0,2.3976686,3.9357152,4.8099856,4.8099856,35.935596,21.621597,9.645607
2016/1/30,[,5.2,10.0,11.2,11.0,27.0,34.0,90.0,2.2992988,3.676779,4.4027596,4.4027596,38.45207,25.235146,11.281122
2016/1/30,[,5.9,11.0,12.1,12.0,29.0,35.0,89.0,2.285674,3.6458416,4.361635,4.3616357,41.221725,21.737053,10.427739
2016/1/30,[,2.2,5.0,6.1,6.2,36.0,37.0,87.0,2.2766387,3.430714,4.1170874,4.1170874,43.80222,13.951778,7.304959
2016/1/30,[,5.4,9.8,11.3,11.0,32.0,32.0,88.0,2.228867,3.4221485,3.9326239,3.932624,45.776737,15.330593,7.830562
2016/1/30,[,8.4,12.0,13.9,14.0,30.0,32.0,,2.204754,3.7279587,4.1328278,4.1328278,45.82791,22.138968,10.83402
2016/1/30,[,6.9,14.0,16.3,16.0,29.0,33.0,,2.1721385,4.202042,4.5854316,4.585432,44.907337,22.873764,11.206081
2016/1/30,[,6.3,12.0,14.8,15.0,31.0,35.0,,2.1064174,4.609201,4.8439865,4.8439865,44.358532,23.108192,11.518872
2016/1/30,[,2.9,6.7,9.0,9.0,38.0,37.0,8.0,2.1074028,4.753018,4.957363,4.957363,43.01441,22.266253,11.483759
2016/1/30,[,1.6,3.7,5.1,5.0,39.0,42.0,9.0,2.1011977,4.736958,4.9160023,4.9160023,43.101234,22.828773,12.099173
2016/1/30,[,1.5,3.8,5.0,5.0,40.0,38.0,9.0,2.1676025,4.815199,4.9772606,4.97726,43.14356,23.136944,12.772537
2016/1/30,[,2.2,5.9,7.2,7.2,38.0,34.0,11.0,2.247085,4.700875,4.8617253,4.8617253,41.392677,30.273441,15.854504
2016/1/30,[,3.0,8.2,9.799999999999999,9.8,38.0,34.0,10.0,2.3619053,4.7503176,4.91034,4.91034,39.299217,26.882063,13.646008
2016/1/30,[,2.7,8.6,10.1,10.0,37.0,37.0,12.0,2.1985986,4.3056517,4.440986,4.440986,39.575497,23.363201,11.666353
2016/1/30,[,1.9,6.3,7.6,7.7,39.0,40.0,13.0,1.951708,3.6964242,3.8063712,3.806371,40.756844,23.079844,11.193306
2016/1/30,[,2.5,7.3,8.5,8.5,37.0,42.0,13.0,1.8691705,3.39692,3.498297,3.498297,41.49279,26.238379,12.428733
2016/1/30,[,2.6,7.0,8.2,8.3,38.0,44.0,18.0,1.7640891,3.1827455,3.2762394,3.2762396,42.53022,31.448166,15.243865
2016/1/30,[,5.5,8.9,10.200000000000001,10.0,35.0,41.0,20.0,1.586334,2.9319274,3.0201204,3.0201204,43.669453,33.547405,17.14355
2016/1/30,[,7.4,10.0,11.2,11.0,35.0,39.0,19.0,1.5155375,2.9905956,3.080112,3.080112,43.560383,34.19014,17.654772
2016/1/30,[,6.9,9.4,10.6,11.0,37.0,39.0,22.0,1.5349152,3.4312165,3.5308256,3.5308256,42.58891,35.001907,17.755991
2016/1/30,[,4.7,8.4,9.3,9.3,40.0,46.0,22.0,1.6221471,4.663959,4.7800784,4.7800784,40.710148,35.117203,17.588198
2016/1/31,[,3.0,6.0,6.9,6.9,42.0,47.0,24.0,1.6446817,5.330513,5.5767865,5.5767865,39.5203,32.787376,16.799723
2016/1/31,[,4.6,9.2,10.2,10.0,40.0,52.0,23.0,1.5151492,4.098664,4.850328,4.850328,40.55639,29.129818,14.815937
2016/1/31,[,4.4,8.4,9.4,9.4,39.0,51.0,21.0,1.3487663,2.9618502,4.0379047,4.0379047,41.61309,19.621014,9.888304
2016/1/31,[,4.1,8.7,9.399999999999999,9.4,39.0,55.0,17.0,1.1786592,2.518809,3.5380332,3.5380335,42.828484,12.72801,6.6115522
2016/1/31,[,5.5,9.1,9.6,9.7,38.0,55.0,18.0,1.0286801,2.0257018,2.944809,2.944809,44.13782,13.573526,6.9670887
2016/1/31,[,4.1,8.1,8.7,8.8,39.0,55.0,18.0,1.0131506,2.0510535,3.039345,3.0393453,45.261448,11.387978,5.9065766
2016/1/31,[,3.4,7.4,8.0,7.9,39.0,50.0,16.0,1.1643732,2.329102,3.4027972,3.4027972,45.99237,7.798028,4.2286515
2016/1/31,[,3.7,7.7,8.5,8.6,39.0,52.0,17.0,1.155518,2.3576186,3.3355346,3.3355346,45.517963,10.254673,5.0858617
2016/1/31,[,5.1,9.0,10.2,10.0,37.0,50.0,15.0,0.92830896,2.2972128,2.832442,2.832442,43.979176,13.050381,5.919448
2016/1/31,[,5.8,10.0,12.1,12.0,36.0,49.0,17.0,0.9278101,2.8659158,3.1619246,3.1619246,42.80692,8.881533,4.0447183
2016/1/31,[,3.2,6.1,8.399999999999999,8.4,41.0,46.0,19.0,0.9580296,3.3375177,3.5261905,3.5261905,41.97411,9.35869,4.179156
2016/1/31,[,4.6,6.8,8.9,9.0,42.0,47.0,21.0,1.0184522,3.581335,3.748149,3.748149,41.443943,10.092301,4.527553
2016/1/31,[,2.6,8.4,11.2,11.0,43.0,49.0,18.0,0.9845483,3.2761693,3.42253,3.42253,41.28569,8.9464035,4.1388273
2016/1/31,[,3.5,7.5,9.7,9.8,43.0,55.0,19.0,0.891066,2.5710387,2.7068882,2.7068882,41.536575,3.508984,1.5110544
2016/1/31,[,5.0,8.5,10.8,11.0,41.0,63.0,19.0,0.8045042,2.1425338,2.2685945,2.2685945,42.09065,2.3388355,0.9145737
2016/1/31,[,4.1,8.4,10.5,11.0,42.0,68.0,19.0,0.7142966,2.030007,2.1460643,2.146064,42.352844,2.057167,1.0137498
2016/1/31,[,2.8,6.7,8.0,8.0,42.0,66.0,18.0,0.83802086,2.17807,2.307102,2.3071022,42.28314,1.7786798,1.0482147
2016/1/31,[,5.8,10.0,11.0,11.0,39.0,54.0,19.0,0.9014574,2.3011303,2.4433722,2.4433722,42.36184,3.2420697,1.9354262
2016/1/31,[,5.1,8.1,9.0,9.1,40.0,51.0,17.0,0.8351,2.301094,2.4337754,2.4337754,42.475628,3.6046135,2.3208926
2016/1/31,[,4.5,8.7,9.6,9.6,40.0,43.0,17.0,0.8241039,2.3925974,2.516303,2.5163033,42.275074,3.7221391,2.489393
2016/1/31,[,1.4,3.4,4.1,4.0,45.0,42.0,18.0,0.89814264,2.38898,2.5065963,2.5065966,42.383274,3.560958,2.3912525
2016/1/31,[,2.5,5.1,5.8,5.7,42.0,33.0,15.0,1.1038043,2.3194683,2.4340572,2.434057,42.995216,2.9540508,2.1187644
2016/1/31,[,2.9,6.1,6.699999999999999,6.7,43.0,33.0,15.0,1.2911394,2.385383,2.5047245,2.5047245,43.12322,3.8479629,2.480959
2016/1/31,[,1.9,3.7,4.2,4.2,47.0,31.0,14.0,1.4060535,2.8885126,3.053093,3.053093,42.43084,3.1783624,2.1915925
